,Date,PX_last
0,2015/5/6,71.38224
1,2015/5/7,71.641609
2,2015/5/8,72.49382
3,2015/5/11,72.132553
4,2015/5/12,72.030663
5,2015/5/13,71.956566
6,2015/5/14,72.660568
7,2015/5/15,72.688354
8,2015/5/18,72.975502
9,2015/5/19,72.984772
10,2015/5/20,73.012566
11,2015/5/21,73.123711
12,2015/5/22,72.994034
13,2015/5/26,72.327087
14,2015/5/27,72.882881
15,2015/5/28,72.725403
16,2015/5/29,72.336349
17,2015/6/1,72.549408
18,2015/6/2,72.373405
19,2015/6/3,72.447502
20,2015/6/4,71.743507
21,2015/6/5,71.762039
22,2015/6/8,71.308128
23,2015/6/9,71.234039
24,2015/6/10,72.1511
25,2015/6/11,72.308548
26,2015/6/12,71.882454
27,2015/6/15,71.558228
28,2015/6/16,71.965813
29,2015/6/17,72.299294
30,2015/6/18,73.003288
31,2015/6/19,72.577194
32,2015/6/22,72.901413
33,2015/6/23,72.827309
34,2015/6/24,72.351517
35,2015/6/25,72.221413
36,2015/6/26,72.109917
37,2015/6/29,70.567375
38,2015/6/30,70.688171
39,2015/7/1,71.30146
40,2015/7/2,71.245697
41,2015/7/6,71.087738
42,2015/7/7,71.468727
43,2015/7/8,70.344322
44,2015/7/9,70.409393
45,2015/7/10,71.171379
46,2015/7/13,71.998413
47,2015/7/14,72.277184
48,2015/7/15,72.091339
49,2015/7/16,72.667465
50,2015/7/17,72.983421
51,2015/7/20,72.936943
52,2015/7/21,72.602432
53,2015/7/22,72.388702
54,2015/7/23,71.94265
55,2015/7/24,71.05056
56,2015/7/27,70.688171
57,2015/7/28,71.49662
58,2015/7/29,71.998413
59,2015/7/30,72.137779
60,2015/7/31,72.249313
61,2015/8/3,72.063461
62,2015/8/4,72.044861
63,2015/8/5,72.193558
64,2015/8/6,71.533783
65,2015/8/7,71.450142
66,2015/8/10,72.258591
67,2015/8/11,71.831146
68,2015/8/12,71.812553
69,2015/8/13,71.691757
70,2015/8/14,71.989113
71,2015/8/17,72.39798
72,2015/8/18,72.156387
73,2015/8/19,71.654572
74,2015/8/20,70.056274
75,2015/8/21,68.160599
76,2015/8/24,65.242737
77,2015/8/25,64.555107
78,2015/8/26,66.971146
79,2015/8/27,68.383629
80,2015/8/28,68.253517
81,2015/8/31,67.853958
82,2015/9/1,65.846756
83,2015/9/2,67.073372
84,2015/9/3,67.14772
85,2015/9/4,66.264915
86,2015/9/8,67.835365
87,2015/9/9,66.961868
88,2015/9/10,67.287094
89,2015/9/11,67.649529
90,2015/9/14,67.36145
91,2015/9/15,68.262825
92,2015/9/16,68.922585
93,2015/9/17,68.708862
94,2015/9/18,67.575172
95,2015/9/21,67.881828
96,2015/9/22,66.961868
97,2015/9/23,66.729561
98,2015/9/24,66.432182
99,2015/9/25,66.457375
100,2015/9/28,64.862175
101,2015/9/29,64.983452
102,2015/9/30,66.186829
103,2015/10/1,65.953621
104,2015/10/2,67.334274
105,2015/10/5,68.696251
106,2015/10/6,68.351089
107,2015/10/7,68.817528
108,2015/10/8,69.703766
109,2015/10/9,69.713081
110,2015/10/12,69.731735
111,2015/10/13,69.218658
112,2015/10/14,68.976128
113,2015/10/15,69.815681
114,2015/10/16,70.076897
115,2015/10/19,70.179497
116,2015/10/20,69.918312
117,2015/10/21,69.423889
118,2015/10/22,70.74855
119,2015/10/23,71.802696
120,2015/10/26,71.840004
121,2015/10/27,71.541496
122,2015/10/28,72.409058
123,2015/10/29,72.259804
124,2015/10/30,71.989265
125,2015/11/2,72.819519
126,2015/11/3,72.978119
127,2015/11/4,72.716904
128,2015/11/5,72.623604
129,2015/11/6,72.483704
130,2015/11/9,71.961288
131,2015/11/10,71.979958
132,2015/11/11,71.756065
133,2015/11/12,70.739243
134,2015/11/13,69.834351
135,2015/11/16,70.981773
136,2015/11/17,70.888496
137,2015/11/18,71.923973
138,2015/11/19,71.998596
139,2015/11/20,72.343758
140,2015/11/23,72.334435
141,2015/11/24,72.409058
142,2015/11/25,72.362411
143,2015/11/27,72.511681
144,2015/11/30,72.110535
145,2015/12/1,72.819519
146,2015/12/2,72.14785
147,2015/12/3,70.851166
148,2015/12/4,72.418396
149,2015/12/7,71.840004
150,2015/12/8,71.634781
151,2015/12/9,70.897812
152,2015/12/10,71.075073
153,2015/12/11,69.703766
154,2015/12/14,70.142204
155,2015/12/15,70.860504
156,2015/12/16,71.830681
157,2015/12/17,70.692596
158,2015/12/18,69.769043
159,2015/12/21,69.983612
160,2015/12/22,70.664604
161,2015/12/23,71.485519
162,2015/12/24,71.399323
163,2015/12/28,71.380585
164,2015/12/29,72.167664
165,2015/12/30,71.746002
166,2015/12/31,70.940186
167,2016/1/4,69.82515
168,2016/1/5,69.975075
169,2016/1/6,69.141151
170,2016/1/7,67.613861
171,2016/1/8,66.761169
172,2016/1/11,66.779907
173,2016/1/12,67.304642
174,2016/1/13,65.52433
175,2016/1/14,66.545654
176,2016/1/15,64.849701
177,2016/1/19,65.037102
178,2016/1/20,64.46553
179,2016/1/21,64.79348
180,2016/1/22,66.095917
181,2016/1/25,64.99025
182,2016/1/26,65.974106
183,2016/1/27,65.233879
184,2016/1/28,65.608665
185,2016/1/29,67.25779
186,2016/2/1,67.417068
187,2016/2/2,66.189598
188,2016/2/3,66.152115
189,2016/2/4,66.414482
190,2016/2/5,65.149513
191,2016/2/8,64.025146
192,2016/2/9,64.071991
193,2016/2/10,64.025146
194,2016/2/11,63.528538
195,2016/2/12,64.606079
196,2016/2/16,65.758591
197,2016/2/17,66.957939
198,2016/2/18,66.742432
199,2016/2/19,66.583138
200,2016/2/22,67.473297
201,2016/2/23,66.639366
202,2016/2/24,66.901711
203,2016/2/25,67.745033
204,2016/2/26,67.632591
205,2016/2/29,66.995422
206,2016/3/1,68.635178
207,2016/3/2,69.056808
208,2016/3/3,69.347282
209,2016/3/4,69.431625
210,2016/3/7,69.731461
211,2016/3/8,68.944397
212,2016/3/9,69.262962
213,2016/3/10,69.084946
214,2016/3/11,70.424835
215,2016/3/14,70.443604
216,2016/3/15,70.190575
217,2016/3/16,70.696564
218,2016/3/17,71.361847
219,2016/3/18,71.652306
220,2016/3/21,71.558609
221,2016/3/22,71.624214
222,2016/3/23,71.131416
223,2016/3/24,71.15963
224,2016/3/28,71.131416
225,2016/3/29,71.809021
226,2016/3/30,72.260773
227,2016/3/31,72.044319
228,2016/4/1,72.721916
229,2016/4/4,72.458405
230,2016/4/5,71.771385
231,2016/4/6,72.637238
232,2016/4/7,71.714912
233,2016/4/8,72.016052
234,2016/4/11,71.809021
235,2016/4/12,72.307831
236,2016/4/13,73.070152
237,2016/4/14,73.051315
238,2016/4/15,73.088959
239,2016/4/18,73.663055
240,2016/4/19,73.757179
241,2016/4/20,73.512474
242,2016/4/21,73.399544
243,2016/4/22,72.938393
244,2016/4/25,73.060738
245,2016/4/26,73.267769
246,2016/4/27,73.305443
247,2016/4/28,72.326653
248,2016/4/29,72.034897
249,2016/5/2,72.543114
250,2016/5/3,71.677261
251,2016/5/4,71.300819
252,2016/5/5,71.34787
253,2016/5/6,71.658432
254,2016/5/9,71.64901
255,2016/5/10,72.561943
256,2016/5/11,71.809021
257,2016/5/12,71.790184
258,2016/5/13,71.291397
259,2016/5/16,72.025467
260,2016/5/17,71.206688
261,2016/5/18,71.178474
262,2016/5/19,70.952583
263,2016/5/20,71.366676
264,2016/5/23,71.263161
265,2016/5/24,72.241936
266,2016/5/25,72.768974
267,2016/5/26,72.646645
268,2016/5/27,73.041924
269,2016/5/31,73.154854
270,2016/6/1,73.154854
271,2016/6/2,73.408966
272,2016/6/3,73.060738
273,2016/6/6,73.484253
274,2016/6/7,73.691299
275,2016/6/8,73.860725
276,2016/6/9,73.719536
277,2016/6/10,72.976036
278,2016/6/13,72.401932
279,2016/6/14,72.288994
280,2016/6/15,72.317238
281,2016/6/16,72.514893
282,2016/6/17,72.354889
283,2016/6/20,72.75016
284,2016/6/21,73.026871
285,2016/6/22,72.875755
286,2016/6/23,73.839005
287,2016/6/24,70.788742
288,2016/6/27,69.362755
289,2016/6/28,70.68486
290,2016/6/29,72.025841
291,2016/6/30,73.045753
292,2016/7/1,73.28183
293,2016/7/5,72.715233
294,2016/7/6,73.177956
295,2016/7/7,73.102394
296,2016/7/8,74.301743
297,2016/7/11,74.56617
298,2016/7/12,75.227203
299,2016/7/13,75.179993
300,2016/7/14,75.519951
301,2016/7/15,75.378281
302,2016/7/18,75.548294
303,2016/7/19,75.349976
304,2016/7/20,75.878807
305,2016/7/21,75.567169
306,2016/7/22,75.954353
307,2016/7/25,75.841026
308,2016/7/26,75.850464
309,2016/7/27,75.557732
310,2016/7/28,75.633263
311,2016/7/29,76.058235
312,2016/8/1,75.869354
313,2016/8/2,75.529388
314,2016/8/3,75.784378
315,2016/8/4,75.944916
316,2016/8/5,76.483185
317,2016/8/8,76.46431
318,2016/8/9,76.398209
319,2016/8/10,76.247108
320,2016/8/11,76.813721
321,2016/8/12,76.662636
322,2016/8/15,76.974251
323,2016/8/16,76.539841
324,2016/8/17,76.577629
325,2016/8/18,76.785385
326,2016/8/19,76.766487
327,2016/8/22,76.700386
328,2016/8/23,76.993134
329,2016/8/24,76.568184
330,2016/8/25,76.587059
331,2016/8/26,76.511513
332,2016/8/29,76.747604
333,2016/8/30,76.615395
334,2016/8/31,76.398209
335,2016/9/1,76.407639
336,2016/9/2,76.785385
337,2016/9/6,76.964813
338,2016/9/7,77.002594
339,2016/9/8,76.747604
340,2016/9/9,74.849464
341,2016/9/12,75.888245
342,2016/9/13,74.717247
343,2016/9/14,74.509491
344,2016/9/15,75.359421
345,2016/9/16,75.047775
346,2016/9/19,75.142212
347,2016/9/20,75.170547
348,2016/9/21,76.001572
349,2016/9/22,76.549294
350,2016/9/23,76.048782
351,2016/9/26,75.426323
352,2016/9/27,75.852684
353,2016/9/28,76.316925
354,2016/9/29,75.634758
355,2016/9/30,76.279015
356,2016/10/3,76.04216
357,2016/10/4,75.606339
358,2016/10/5,75.909515
359,2016/10/6,75.96637
360,2016/10/7,75.634758
361,2016/10/10,75.881073
362,2016/10/11,74.952599
363,2016/10/12,74.990486
364,2016/10/13,74.73468
365,2016/10/14,74.753632
366,2016/10/17,74.440971
367,2016/10/18,75.028397
368,2016/10/19,75.170517
369,2016/10/20,74.999985
370,2016/10/21,75.037857
371,2016/10/24,75.369484
372,2016/10/25,74.999985
373,2016/10/26,74.848373
374,2016/10/27,74.649414
375,2016/10/28,74.365166
376,2016/10/31,74.308334
377,2016/11/1,73.872505
378,2016/11/2,73.341919
379,2016/11/3,73.152443
380,2016/11/4,73.161911
381,2016/11/7,74.905228
382,2016/11/8,75.312614
383,2016/11/9,75.909515
384,2016/11/10,75.776863
385,2016/11/11,75.757935
386,2016/11/14,75.852684
387,2016/11/15,76.591667
388,2016/11/16,76.534828
389,2016/11/17,76.819069
390,2016/11/18,76.676964
391,2016/11/21,77.150658
392,2016/11/22,77.415947
393,2016/11/23,77.434906
394,2016/11/25,77.709648
395,2016/11/28,77.406471
396,2016/11/29,77.491745
397,2016/11/30,77.226456
398,2016/12/1,76.743263
399,2016/12/2,76.752747
400,2016/12/5,77.226456
401,2016/12/6,77.510712
402,2016/12/7,78.562378
403,2016/12/8,78.780289
404,2016/12/9,79.178207
405,2016/12/12,79.178207
406,2016/12/13,79.699303
407,2016/12/14,79.092949
408,2016/12/15,79.329788
409,2016/12/16,79.073997
410,2016/12/19,79.28244
411,2016/12/20,79.566666
412,2016/12/21,79.320152
413,2016/12/22,79.177399
414,2016/12/23,79.234489
415,2016/12/27,79.472443
416,2016/12/28,78.749084
417,2016/12/29,78.749084
418,2016/12/30,78.406464
419,2017/1/3,79.044151
420,2017/1/4,79.643776
421,2017/1/5,79.49147
422,2017/1/6,79.862656
423,2017/1/9,79.596176
424,2017/1/10,79.481949
425,2017/1/11,79.729416
426,2017/1/12,79.53907
427,2017/1/13,79.700859
428,2017/1/17,79.567604
429,2017/1/18,79.729416
430,2017/1/19,79.481949
431,2017/1/20,79.872169
432,2017/1/23,79.796043
433,2017/1/24,80.42421
434,2017/1/25,80.966721
435,2017/1/26,80.719246
436,2017/1/27,80.728775
437,2017/1/30,80.195778
438,2017/1/31,80.091103
439,2017/2/1,79.891228
440,2017/2/2,80.033974
441,2017/2/3,80.5289
442,2017/2/6,80.281433
443,2017/2/7,80.433739
444,2017/2/8,80.471794
445,2017/2/9,80.976242
446,2017/2/10,81.176102
447,2017/2/13,81.623421
448,2017/2/14,81.813782
449,2017/2/15,82.327744
450,2017/2/16,82.165924
451,2017/2/17,82.327744
452,2017/2/21,82.898804
453,2017/2/22,82.746521
454,2017/2/23,82.717949
455,2017/2/24,82.832176
456,2017/2/27,82.870255
457,2017/2/28,82.594223
458,2017/3/1,83.717308
459,2017/3/2,83.136734
460,2017/3/3,83.089127
461,2017/3/6,82.851227
462,2017/3/7,82.651344
463,2017/3/8,82.432434
464,2017/3/9,82.441948
465,2017/3/10,82.717949
466,2017/3/13,82.851227
467,2017/3/14,82.613274
468,2017/3/15,83.393715
469,2017/3/16,83.298546
470,2017/3/17,83.279488
471,2017/3/20,83.117699
472,2017/3/21,82.146889
473,2017/3/22,82.242081
474,2017/3/23,82.146889
475,2017/3/24,82.096306
476,2017/3/27,82.010345
477,2017/3/28,82.5355
478,2017/3/29,82.69783
479,2017/3/30,82.926994
480,2017/3/31,82.841072
481,2017/4/3,82.640556
482,2017/4/4,82.688293
483,2017/4/5,82.382744
484,2017/4/6,82.659645
485,2017/4/7,82.564163
486,2017/4/10,82.688293
487,2017/4/11,82.650085
488,2017/4/12,82.325455
489,2017/4/13,81.800285
490,2017/4/17,82.564163
491,2017/4/18,82.411385
492,2017/4/19,82.22998
493,2017/4/20,82.879257
494,2017/4/21,82.678734
495,2017/4/24,83.452141
496,2017/4/25,84.14917
497,2017/4/26,84.053711
498,2017/4/27,84.177826
499,2017/4/28,84.082344
500,2017/5/1,84.263763
501,2017/5/2,84.130089
502,2017/5/3,84.10144
503,2017/5/4,84.158722
504,2017/5/5,84.473824
505,2017/5/8,84.321045
506,2017/5/9,84.301956
507,2017/5/10,84.368782
508,2017/5/11,84.130089
509,2017/5/12,83.834091
510,2017/5/15,84.340141
511,2017/5/16,84.454727
512,2017/5/17,83.117966
513,2017/5/18,83.156151
514,2017/5/19,83.681297
515,2017/5/22,84.110977
516,2017/5/23,84.340141
517,2017/5/24,84.607491
518,2017/5/25,85.027626
519,2017/5/26,85.094467
520,2017/5/30,85.17083
521,2017/5/31,85.17083
522,2017/6/1,85.791489
523,2017/6/2,86.144783
524,2017/6/5,86.087494
525,2017/6/6,85.734184
526,2017/6/7,85.791489
527,2017/6/8,85.877419
528,2017/6/9,85.590973
529,2017/6/12,85.676903
530,2017/6/13,86.077942
531,2017/6/14,85.9729
532,2017/6/15,85.76284
533,2017/6/16,85.791489
534,2017/6/19,86.498055
535,2017/6/20,85.839226
536,2017/6/21,85.896523
537,2017/6/22,86.097031
538,2017/6/23,86.354843
539,2017/6/26,86.249809
540,2017/6/27,85.519127
541,2017/6/28,86.26609
542,2017/6/29,85.241386
543,2017/6/30,85.538261
544,2017/7/3,85.586143
545,2017/7/5,85.720215
546,2017/7/6,84.867912
547,2017/7/7,85.519127
548,2017/7/10,85.739372
549,2017/7/11,85.624458
550,2017/7/12,86.285225
551,2017/7/13,86.476768
552,2017/7/14,86.974762
553,2017/7/17,87.032211
554,2017/7/18,87.089676
555,2017/7/19,87.558929
556,2017/7/20,87.654694
557,2017/7/21,87.654694
558,2017/7/24,87.597237
559,2017/7/25,87.760033
560,2017/7/26,87.635544
561,2017/7/27,87.49189
562,2017/7/28,87.539772
563,2017/7/31,87.49189
564,2017/8/1,87.616379
565,2017/8/2,87.405693
566,2017/8/3,87.290787
567,2017/8/4,87.463165
568,2017/8/7,87.482323
569,2017/8/8,87.271629
570,2017/8/9,87.022636
571,2017/8/10,85.854294
572,2017/8/11,85.930916
573,2017/8/14,86.831108
574,2017/8/15,86.658722
575,2017/8/16,87.003487
576,2017/8/17,85.576569
577,2017/8/18,85.356308
578,2017/8/21,85.365898
579,2017/8/22,86.285225
580,2017/8/23,86.045822
581,2017/8/24,85.940475
582,2017/8/25,86.132011
583,2017/8/28,86.074562
584,2017/8/29,86.132011
585,2017/8/30,86.687454
586,2017/8/31,87.204605
587,2017/9/1,87.453598
588,2017/9/5,86.878983
589,2017/9/6,87.051369
590,2017/9/7,87.175858
591,2017/9/8,87.175858
592,2017/9/11,88.133514
593,2017/9/12,88.420837
594,2017/9/13,88.43998
595,2017/9/14,88.353775
596,2017/9/15,88.468712
597,2017/9/18,88.698547
598,2017/9/19,88.775162
599,2017/9/20,88.890068
600,2017/9/21,88.631516
601,2017/9/22,88.727272
602,2017/9/25,88.564491
603,2017/9/26,88.618309
604,2017/9/27,88.897072
605,2017/9/28,88.954735
606,2017/9/29,89.252724
607,2017/10/2,89.694908
608,2017/10/3,89.839088
609,2017/10/4,90.002518
610,2017/10/5,90.473541
611,2017/10/6,90.511978
612,2017/10/9,90.300499
613,2017/10/10,90.550423
614,2017/10/11,90.646561
615,2017/10/12,90.771523
616,2017/10/13,90.91571
617,2017/10/16,90.963768
618,2017/10/17,90.963768
619,2017/10/18,91.146416
620,2017/10/19,91.271362
621,2017/10/20,91.540535
622,2017/10/23,91.127174
623,2017/10/24,91.338661
624,2017/10/25,90.91571
625,2017/10/26,91.040665
626,2017/10/27,91.771217
627,2017/10/30,91.223297
628,2017/10/31,91.511688
629,2017/11/1,91.675102
630,2017/11/2,91.703934
631,2017/11/3,91.828911
632,2017/11/6,91.982697
633,2017/11/7,91.857735
634,2017/11/8,92.059601
635,2017/11/9,91.540535
636,2017/11/10,91.492455
637,2017/11/13,91.569359
638,2017/11/14,91.482841
639,2017/11/15,90.963768
640,2017/11/16,91.713554
641,2017/11/17,91.569359
642,2017/11/20,91.665482
643,2017/11/21,92.184563
644,2017/11/22,92.069206
645,2017/11/24,92.184563
646,2017/11/27,92.23262
647,2017/11/28,93.165047
648,2017/11/29,92.992027
649,2017/11/30,93.770645
650,2017/12/1,93.511093
651,2017/12/4,93.280396
652,2017/12/5,92.828606
653,2017/12/6,92.847824
654,2017/12/7,93.251564
655,2017/12/8,93.847527
656,2017/12/11,94.135933
657,2017/12/12,94.145531
658,2017/12/13,94.260887
659,2017/12/14,93.828323
660,2017/12/15,94.635765
661,2017/12/18,95.222137
662,2017/12/19,95.033997
663,2017/12/20,94.985756
664,2017/12/21,94.966454
665,2017/12/22,94.918205
666,2017/12/26,94.860336
667,2017/12/27,94.995415
668,2017/12/28,95.111183
669,2017/12/29,94.78315
670,2018/1/2,95.545357
671,2018/1/3,96.172478
672,2018/1/4,96.674179
673,2018/1/5,97.243423
674,2018/1/8,97.610039
675,2018/1/9,97.706528
676,2018/1/10,97.465324
677,2018/1/11,98.015274
678,2018/1/12,98.671333
679,2018/1/16,98.295082
680,2018/1/17,99.356377
681,2018/1/18,99.115158
682,2018/1/19,99.694046
683,2018/1/22,100.639565
684,2018/1/23,101.093018
685,2018/1/24,100.929008
686,2018/1/25,100.967598
687,2018/1/26,102.318336
688,2018/1/29,101.623665
689,2018/1/30,100.504486
690,2018/1/31,100.465889
691,2018/2/1,100.456245
692,2018/2/2,98.352966
693,2018/2/5,94.397224
694,2018/2/6,96.066345
695,2018/2/7,95.458519
696,2018/2/8,91.782585
697,2018/2/9,93.316643
698,2018/2/12,94.435806
699,2018/2/13,94.590187
700,2018/2/14,96.018112
701,2018/2/15,97.23378
702,2018/2/16,97.204826
703,2018/2/20,96.799599
704,2018/2/21,96.288261
705,2018/2/22,96.326843
706,2018/2/23,97.98632
707,2018/2/26,99.076569
708,2018/2/27,97.774071
709,2018/2/28,96.539101
710,2018/3/1,95.342743
711,2018/3/2,95.989166
712,2018/3/5,96.953972
713,2018/3/6,97.494278
714,2018/3/7,97.764412
715,2018/3/8,97.98632
716,2018/3/9,99.838768
717,2018/3/12,99.800179
718,2018/3/13,99.057274
719,2018/3/14,98.70993
720,2018/3/15,98.642395
721,2018/3/16,98.845009
722,2018/3/19,97.195175
723,2018/3/20,97.32061
724,2018/3/21,97.243423
725,2018/3/22,94.675789
726,2018/3/23,92.547363
727,2018/3/26,95.207886
728,2018/3/27,93.214912
729,2018/3/28,92.924675
730,2018/3/29,94.540337
731,2018/4/2,92.21843
732,2018/4/3,93.321327
733,2018/4/4,94.39521
734,2018/4/5,94.975677
735,2018/4/6,92.905334
736,2018/4/9,93.205231
737,2018/4/10,95.004707
738,2018/4/11,94.695122
739,2018/4/12,95.430389
740,2018/4/13,95.14016
741,2018/4/16,95.923805
742,2018/4/17,97.200851
743,2018/4/18,97.162155
744,2018/4/19,96.678436
745,2018/4/20,95.759331
746,2018/4/23,95.817383
747,2018/4/24,94.414551
748,2018/4/25,94.540337
749,2018/4/26,95.759331
750,2018/4/27,95.98185
751,2018/4/30,95.053085
752,2018/5/1,95.362671
753,2018/5/2,94.47261
754,2018/5/3,94.114647
755,2018/5/4,95.55616
756,2018/5/7,95.904465
757,2018/5/8,95.836739
758,2018/5/9,96.920288
759,2018/5/10,97.761978
760,2018/5/11,97.868408
761,2018/5/14,97.926453
762,2018/5/15,97.200851
763,2018/5/16,97.587837
764,2018/5/17,97.636208
765,2018/5/18,97.423363
766,2018/5/21,98.129616
767,2018/5/22,97.752312
768,2018/5/23,98.129616
769,2018/5/24,97.955475
770,2018/5/25,97.810349
771,2018/5/29,96.900948
772,2018/5/30,98.129616
773,2018/5/31,97.462067
774,2018/6/1,98.748787
775,2018/6/4,99.232521
776,2018/6/5,99.290565
777,2018/6/6,99.996811
778,2018/6/7,99.74527
779,2018/6/8,100.122589
780,2018/6/11,100.354782
781,2018/6/12,100.548264
782,2018/6/13,100.190308
783,2018/6/14,100.577301
784,2018/6/15,100.499886
785,2018/6/18,100.412811
786,2018/6/19,100.064537
787,2018/6/20,100.248344
788,2018/6/21,99.435677
789,2018/6/22,99.629181
790,2018/6/25,98.119949
791,2018/6/26,98.278305
792,2018/6/27,97.229065
793,2018/6/28,97.743958
794,2018/6/29,98.06456
795,2018/7/2,98.394875
796,2018/7/3,97.850845
797,2018/7/5,98.958366
798,2018/7/6,99.978455
799,2018/7/9,100.784798
800,2018/7/10,101.124825
801,2018/7/11,100.376762
802,2018/7/12,101.377426
803,2018/7/13,101.53286
804,2018/7/16,101.192841
805,2018/7/17,101.688301
806,2018/7/18,101.775749
807,2018/7/19,101.484283
808,2018/7/20,101.387138
809,2018/7/23,101.562019
810,2018/7/24,101.93119
811,2018/7/25,103.038712
812,2018/7/26,102.465523
813,2018/7/27,101.474571
814,2018/7/30,100.648788
815,2018/7/31,101.387138
816,2018/8/1,101.047112
817,2018/8/2,101.698036
818,2018/8/3,102.076912
819,2018/8/6,102.562668
820,2018/8/7,102.999847
821,2018/8/8,102.892982
822,2018/8/9,102.611252
823,2018/8/10,101.795174
824,2018/8/13,101.377426
825,2018/8/14,102.008911
826,2018/8/15,101.183128
827,2018/8/16,101.668869
828,2018/8/17,101.882614
829,2018/8/20,102.164352
830,2018/8/21,102.397507
831,2018/8/22,102.465523
832,2018/8/23,102.27121
833,2018/8/24,102.999847
834,2018/8/27,103.845062
835,2018/8/28,103.835342
836,2018/8/29,104.398827
837,2018/8/30,103.85479
838,2018/8/31,103.767342
839,2018/9/4,103.271881
840,2018/9/5,102.79583
841,2018/9/6,102.543243
842,2018/9/7,102.203201
843,2018/9/10,102.66954
844,2018/9/11,102.873558
845,2018/9/12,102.951286
846,2018/9/13,103.456459
847,2018/9/14,103.602196
848,2018/9/17,103.067856
849,2018/9/18,103.514763
850,2018/9/19,103.582756
851,2018/9/20,104.602837
852,2018/9/21,104.495987
853,2018/9/24,104.214241
854,2018/9/25,104.049088
855,2018/9/26,103.846291
856,2018/9/27,104.158279
857,2018/9/28,104.119286
858,2018/10/1,104.480042
859,2018/10/2,104.363029
860,2018/10/3,104.460533
861,2018/10/4,103.319801
862,2018/10/5,102.656799
863,2018/10/8,102.422798
864,2018/10/9,102.198547
865,2018/10/10,98.581337
866,2018/10/11,96.777603
867,2018/10/12,98.123093
868,2018/10/15,97.489342
869,2018/10/16,99.673332
870,2018/10/17,99.575813
871,2018/10/18,98.074333
872,2018/10/19,97.801331
873,2018/10/22,97.528351
874,2018/10/23,97.001846
875,2018/10/24,93.784378
876,2018/10/25,95.59787
877,2018/10/26,94.086639
878,2018/10/29,93.413872
879,2018/10/30,95.188362
880,2018/10/31,96.085365
881,2018/11/1,97.011597
882,2018/11/2,96.650856
883,2018/11/5,97.196854
884,2018/11/6,97.908585
885,2018/11/7,99.985329
886,2018/11/8,99.75132
887,2018/11/9,98.844582
888,2018/11/12,97.001846
889,2018/11/13,97.118843
890,2018/11/14,96.592354
891,2018/11/15,97.908585
892,2018/11/16,98.015831
893,2018/11/19,96.221855
894,2018/11/20,94.749611
895,2018/11/21,95.198112
896,2018/11/23,94.691132
897,2018/11/26,96.280365
898,2018/11/27,96.397354
899,2018/11/28,98.474091
900,2018/11/29,98.240097
901,2018/11/30,99.263832
902,2018/12/3,100.121826
903,2018/12/4,97.118843
904,2018/12/6,97.060356
905,2018/12/7,94.720375
906,2018/12/10,95.149353
907,2018/12/11,95.256615
908,2018/12/12,95.753868
909,2018/12/13,95.74411
910,2018/12/14,94.115883
911,2018/12/17,92.073814
912,2018/12/18,92.14238
913,2018/12/19,90.732033
914,2018/12/20,89.458809
915,2018/12/21,87.74485
916,2018/12/24,85.443245
917,2018/12/26,89.674271
918,2018/12/27,90.418617
919,2018/12/28,90.340271
920,2018/12/31,91.08461
921,2019/1/2,91.025848
922,2019/1/3,88.880959
923,2019/1/4,92.152168
924,2019/1/7,92.886711
925,2019/1/8,93.817162
926,2019/1/9,94.140358
927,2019/1/10,94.679031
928,2019/1/11,94.679031
929,2019/1/14,94.101189
930,2019/1/15,95.266663
931,2019/1/16,95.256882
932,2019/1/17,96.108963
933,2019/1/18,97.313629
934,2019/1/22,96.118767
935,2019/1/23,96.255867
936,2019/1/24,96.412582
937,2019/1/25,97.156929
938,2019/1/28,96.295052
939,2019/1/29,96.030617
940,2019/1/30,97.480125
941,2019/1/31,98.528084
942,2019/2/1,98.684807
943,2019/2/4,99.448746
944,2019/2/5,99.90905
945,2019/2/6,99.6642
946,2019/2/7,98.802322
947,2019/2/8,99.027596
948,2019/2/11,99.154907
949,2019/2/12,100.388962
950,2019/2/13,100.73175
951,2019/2/14,100.545677
952,2019/2/15,101.476097
953,2019/2/19,101.61322
954,2019/2/20,101.799309
955,2019/2/21,101.52507
956,2019/2/22,102.328186
957,2019/2/25,102.386948
958,2019/2/26,102.29879
959,2019/2/27,102.328186
960,2019/2/28,101.907036
961,2019/3/1,102.573036
962,2019/3/4,102.210648
963,2019/3/5,102.14209
964,2019/3/6,101.446724
965,2019/3/7,100.624016
966,2019/3/8,100.339981
967,2019/3/11,101.858063
968,2019/3/12,102.240028
969,2019/3/13,102.945206
970,2019/3/14,102.896233
971,2019/3/15,103.336967
972,2019/3/18,103.434914
973,2019/3/19,103.474091
974,2019/3/20,103.279366
975,2019/3/21,104.302132
976,2019/3/22,102.364777
977,2019/3/25,102.384453
978,2019/3/26,103.141678
979,2019/3/27,102.600807
980,2019/3/28,103.033508
981,2019/3/29,103.73175
982,2019/4/1,104.99054
983,2019/4/2,105.098709
984,2019/4/3,105.511742
985,2019/4/4,105.659256
986,2019/4/5,106.072296
987,2019/4/8,106.091965
988,2019/4/9,105.551086
989,2019/4/10,106.032959
990,2019/4/11,106.101791
991,2019/4/12,106.967216
992,2019/4/15,106.908211
993,2019/4/16,106.927879
994,2019/4/17,106.54435
995,2019/4/18,106.809868
996,2019/4/22,106.937714
997,2019/4/23,107.694954
998,2019/4/24,107.567101
999,2019/4/25,107.616272
1000,2019/4/26,107.930969
1001,2019/4/29,108.01947
1002,2019/4/30,107.96048
1003,2019/5/1,106.701691
1004,2019/5/2,106.593521
1005,2019/5/3,107.616272
1006,2019/5/6,107.252411
1007,2019/5/7,105.423241
1008,2019/5/8,105.246216
1009,2019/5/9,104.892181
1010,2019/5/10,105.374069
1011,2019/5/13,102.886002
1012,2019/5/14,103.682571
1013,2019/5/15,104.606995
1014,2019/5/16,105.659256
1015,2019/5/17,104.970863
1016,2019/5/20,104.164452
1017,2019/5/21,105.138046
1018,2019/5/22,104.951195
1019,2019/5/23,103.643242
1020,2019/5/24,103.712074
1021,2019/5/28,102.915497
1022,2019/5/29,102.197601
1023,2019/5/30,102.463127
1024,2019/5/31,101.125664
1025,2019/6/3,100.466782
1026,2019/6/4,102.73848
1027,2019/6/5,103.633408
1028,2019/6/6,104.223457
1029,2019/6/7,105.413414
1030,2019/6/10,105.865776
1031,2019/6/11,105.816605
1032,2019/6/12,105.629761
1033,2019/6/13,106.229637
1034,2019/6/14,106.032959
1035,2019/6/17,106.059608
1036,2019/6/18,107.056259
1037,2019/6/19,107.480576
1038,2019/6/20,108.664719
1039,2019/6/21,108.516701
1040,2019/6/24,108.270004
1041,2019/6/25,106.967453
1042,2019/6/26,106.819427
1043,2019/6/27,107.214142
1044,2019/6/28,107.914764
1045,2019/7/1,108.783127
1046,2019/7/2,109.148247
1047,2019/7/3,110.135033
1048,2019/7/5,109.927803
1049,2019/7/8,109.345596
1050,2019/7/9,109.385063
1051,2019/7/10,109.898201
1052,2019/7/11,110.204102
1053,2019/7/12,110.894852
1054,2019/7/15,110.944183
1055,2019/7/16,110.618553
1056,2019/7/17,109.819252
1057,2019/7/18,110.12516
1058,2019/7/19,109.424538
1059,2019/7/22,109.769913
1060,2019/7/23,110.500145
1061,2019/7/24,111.151413
1062,2019/7/25,110.63829
1063,2019/7/26,111.763222
1064,2019/7/29,111.674408
1065,2019/7/30,111.467186
1066,2019/7/31,110.016609
1067,2019/8/1,109.25679
1068,2019/8/2,108.358818
1069,2019/8/5,105.053085
1070,2019/8/6,106.424713
1071,2019/8/7,106.572739
1072,2019/8/8,108.694328
1073,2019/8/9,107.954239
1074,2019/8/12,106.691154
1075,2019/8/13,108.112114
1076,2019/8/14,104.984016
1077,2019/8/15,105.171509
1078,2019/8/16,106.750359
1079,2019/8/19,108.092384
1080,2019/8/20,107.233871
1081,2019/8/21,108.121986
1082,2019/8/22,107.964111
1083,2019/8/23,105.201103
1084,2019/8/26,106.404976
1085,2019/8/27,106.148422
1086,2019/8/28,106.789825
1087,2019/8/29,108.141716
1088,2019/8/30,108.062775
1089,2019/9/3,107.322693
1090,2019/9/4,108.506836
1091,2019/9/5,110.085686
1092,2019/9/6,110.105423
1093,2019/9/9,109.996872
1094,2019/9/10,109.730446
1095,2019/9/11,110.253441
1096,2019/9/12,110.796165
1097,2019/9/13,110.796165
1098,2019/9/16,110.421196
1099,2019/9/17,110.677765
1100,2019/9/18,110.598816
1101,2019/9/19,110.875114
1102,2019/9/20,110.194229
1103,2019/9/23,110.30278
1104,2019/9/24,109.291389
1105,2019/9/25,110.064049
1106,2019/9/26,110.054138
1107,2019/9/27,109.370644
1108,2019/9/30,109.865936
1109,2019/10/1,108.409767
1110,2019/10/2,106.39888
1111,2019/10/3,107.349846
1112,2019/10/4,108.746567
1113,2019/10/7,108.310707
1114,2019/10/8,106.616798
1115,2019/10/9,107.686638
1116,2019/10/10,108.360245
1117,2019/10/11,109.608376
1118,2019/10/14,109.459785
1119,2019/10/15,110.539528
1120,2019/10/16,110.212631
1121,2019/10/17,110.430565
1122,2019/10/18,110.064049
1123,2019/10/21,110.747559
1124,2019/10/22,110.044228
1125,2019/10/23,110.400841
1126,2019/10/24,110.78717
1127,2019/10/25,111.47068
1128,2019/10/28,112.15419
1129,2019/10/29,112.074936
1130,2019/10/30,112.520699
1131,2019/10/31,112.084846
1132,2019/11/1,113.015991
1133,2019/11/4,113.422134
1134,2019/11/5,113.144775
1135,2019/11/6,113.263641
1136,2019/11/7,113.640068
1137,2019/11/8,114.066017
1138,2019/11/11,113.758926
1139,2019/11/12,114.105644
1140,2019/11/13,114.313667
1141,2019/11/14,114.462257
1142,2019/11/15,115.185371
1143,2019/11/18,115.274536
1144,2019/11/19,115.353775
1145,2019/11/20,114.967445
1146,2019/11/21,114.680176
1147,2019/11/22,114.838676
1148,2019/11/25,115.918411
1149,2019/11/26,116.344368
1150,2019/11/27,116.651451
1151,2019/11/29,116.255211
1152,2019/12/2,115.234909
1153,2019/12/3,114.551407
1154,2019/12/4,115.234909
1155,2019/12/5,115.413216
1156,2019/12/6,116.39389
1157,2019/12/9,116.245308
1158,2019/12/10,116.195778
1159,2019/12/11,116.443428
1160,2019/12/12,117.394386
1161,2019/12/13,117.503357
1162,2019/12/16,118.355568
1163,2019/12/17,118.206413
1164,2019/12/18,118.295906
1165,2019/12/19,118.862724
1166,2019/12/20,119.638367
1167,2019/12/23,119.598587
1168,2019/12/24,119.509094
1169,2019/12/26,120.026184
1170,2019/12/27,120.016251
1171,2019/12/30,119.250542
1172,2019/12/31,119.459373
1173,2020/1/2,120.563171
1174,2020/1/3,119.688087
1175,2020/1/6,120.145523
1176,2020/1/7,119.767647
1177,2020/1/8,120.563171
1178,2020/1/9,121.348763
1179,2020/1/10,121.139938
1180,2020/1/13,122.104523
1181,2020/1/14,121.875809
1182,2020/1/15,122.333237
1183,2020/1/16,123.37738
1184,2020/1/17,123.854698
1185,2020/1/21,123.695587
1186,2020/1/22,123.804977
1187,2020/1/23,123.834808
1188,2020/1/24,122.820503
1189,2020/1/27,120.742172
1190,2020/1/28,122.124413
1191,2020/1/29,121.985191
1192,2020/1/30,122.382957
1193,2020/1/31,120.085861
1194,2020/2/3,121.637146
1195,2020/2/4,123.417152
1196,2020/2/5,124.520958
1197,2020/2/6,124.958504
1198,2020/2/7,124.341965
1199,2020/2/10,125.604874
1200,2020/2/11,125.664543
1201,2020/2/12,126.400406
1202,2020/2/13,126.251244
1203,2020/2/14,126.639069
1204,2020/2/18,126.519737
1205,2020/2/19,127.265556
1206,2020/2/20,126.857841
1207,2020/2/21,125.386101
1208,2020/2/24,121.040497
1209,2020/2/25,117.659477
1210,2020/2/26,116.903717
1211,2020/2/27,111.64325
1212,2020/2/28,111.155983
1213,2020/3/2,116.098244
1214,2020/3/3,112.587952
1215,2020/3/4,117.301483
1216,2020/3/5,113.403374
1217,2020/3/6,111.454315
1218,2020/3/9,102.78299
1219,2020/3/10,107.953957
1220,2020/3/11,102.753159
1221,2020/3/12,93.127197
1222,2020/3/13,101.569801
1223,2020/3/16,89.328522
1224,2020/3/17,94.519386
1225,2020/3/18,89.994781
1226,2020/3/19,90.392548
1227,2020/3/20,86.723145
1228,2020/3/23,83.869171
1229,2020/3/24,92.272003
1230,2020/3/25,93.209999
1231,2020/3/26,98.949997
1232,2020/3/27,95.669998
1233,2020/3/30,99.230003
1234,2020/3/31,97.389999
1235,2020/4/1,93.32
1236,2020/4/2,95.510002
1237,2020/4/3,93.949997
1238,2020/4/6,100.620003
1239,2020/4/7,100.629997
1240,2020/4/8,103.900002
1241,2020/4/9,105.209999
1242,2020/4/13,103.830002
1243,2020/4/14,107.260002
1244,2020/4/15,104.760002
1245,2020/4/16,105.25
1246,2020/4/17,108.25
1247,2020/4/20,106.339996
1248,2020/4/21,102.830002
1249,2020/4/22,105.559998
1250,2020/4/23,105.330002
1251,2020/4/24,106.760002
1252,2020/4/27,108.529999
1253,2020/4/28,107.989998
1254,2020/4/29,111.230003
1255,2020/4/30,110.010002
1256,2020/5/1,107.220001
1257,2020/5/4,107.779999
1258,2020/5/5,108.830002
