,inst_vol,hist_vol,ewma_vol,garch_vol
0,,,,
1,0.14892515443386672,,0.014844339770621757,10.198316626742535
2,0.10039411996968717,,19.277016967895666,12.193926073439124
3,0.06865275665887721,,18.804259963389764,11.874799709107062
4,0.078753745517047,,18.244045684105956,10.962472731772142
5,0.10395280073851881,,17.696183445164216,10.153832346507011
6,0.07713532712790282,,17.542396777432323,11.27790756886901
7,0.05786882561198502,,17.00799568522095,10.335519077976537
8,0.05243521978170929,,16.549502874498287,9.769584104010235
9,0.04410705985704716,,16.045537523715193,9.067986386335667
10,0.04818000103831701,,15.556737063938636,8.470702190162214
11,0.06802684800645875,,15.089894458822457,7.9770572708212555
12,0.10545741306707364,,14.65313079399543,7.793094978833165
13,0.09678921977579033,,14.680280079228448,10.30086099454478
14,0.0706975563544493,,14.51506355275131,10.639387570101215
15,0.06561292363561633,,14.106295402519184,10.025777314944806
16,0.06245171483990091,,13.85478161848003,10.280668316295905
17,0.04381134082366901,,13.470947716322254,9.591802981330758
18,0.07295810777338214,,13.104637339320774,9.211034797717343
19,0.09635174850523304,,12.708255342381767,8.582551229869487
20,0.08115508568333539,,12.931586231489725,11.059828355670277
21,0.0667745203044624,8.77064147567542,12.537671352564935,10.153645328486268
22,0.09401857426022475,7.597862424101579,12.429978117350919,10.6954325162121
23,0.12379296059916667,8.777440943687987,12.063116480821437,9.93022384517114
24,0.0940201550833981,8.792147367230466,12.659320581237834,12.473613286863388
25,0.06967876835136695,9.0361570303679,12.294665812201375,11.386585803056178
26,0.07833554404489748,8.419467592884809,12.164780479316473,11.490084882105485
27,0.07259567615285899,8.702703846201686,11.944222923871394,11.193541893103065
28,0.08740239213415767,8.749307590534046,11.76552456165303,10.802361068308612
29,0.1056441467642462,9.428634666133926,11.528457369843247,10.26929372604825
30,0.09069921315850403,9.642831639058988,11.75459399799245,11.34115427846356
31,0.06640826608547486,9.764986086477036,11.647611226185113,11.438124349268303
32,0.059861017817081835,9.752566785009707,11.406102263264147,10.76473990584956
33,0.08136165516059049,9.483697465547545,11.071071918288645,9.986268484601876
34,0.054185060712949394,9.081134508860899,11.062842935990314,10.64493639162008
35,0.13358603082809556,9.068824338465637,10.757828429681062,9.977535532471466
36,0.20441577825530427,11.588315130005764,10.455624001657487,9.389002743732245
37,0.14248271674958315,11.540926715548757,13.253342578612004,18.222491260643807
38,0.0873388565623934,12.023688122377466,12.860754545569822,16.334251221586886
39,0.07958145958547412,12.007138279449519,12.88045528370039,15.675481411368331
40,0.04920998513506325,11.573709643445214,12.49558874973839,14.162433675018962
41,0.11585548792986591,11.745103499369021,12.15550168688143,12.994133204083877
42,0.15522670501077787,12.788645528538606,11.945281301168903,12.210983531369589
43,0.11860949323511105,12.799164313059533,13.181915259900329,16.29168296565828
44,0.12511668108523222,12.549598177712943,12.782413834549239,14.645904653327294
45,0.13473101448123712,13.218273074514228,13.039921745741195,14.958835181321565
46,0.08424677015610935,13.119990467100584,13.374373463390468,15.46445578451046
47,0.06977860092720312,13.047746785710155,13.039457271074781,14.086275061964301
48,0.08826369288163365,13.18817830426077,12.692664417513392,12.975033948419545
49,0.0715873903646235,13.177226602861786,12.658336890114894,12.801050259906797
50,0.05098944684859004,12.743094779769745,12.371170058349296,11.884020006295874
51,0.062310891641294275,12.678156856710753,12.000219232592798,10.901146576490005
52,0.06286146449396708,12.610685547057068,11.791482983793742,10.743786199280194
53,0.10147432419872325,12.771666241361965,11.503225582986238,10.246809512552039
54,0.13015056406887843,13.275534719566407,11.436769072987097,10.709204406994203
55,0.11383298522259004,13.354358530454718,12.15580807363112,13.682400683380733
56,0.12252967119218779,14.023465047184663,11.974241896179683,13.105732153276318
57,0.10078787687989843,11.913222246874211,12.377628745525818,14.023341865908625
58,0.058753527061833906,11.915256641968176,12.276908684630321,13.399442866084325
59,0.0439215225777757,11.588676760776927,11.919177107819705,12.167708070585073
60,0.050032626838273093,11.632759715037652,11.565681645215346,11.097871107579667
61,0.037185059003240706,11.593836949272184,11.270225512341858,10.471495918647342
62,0.07226941928334775,11.48107596819457,10.929303429583054,9.679225450536675
63,0.09246737640413027,10.472541554459303,10.617664504809705,9.012492748719284
64,0.0959740714806302,10.494474673410856,10.938722764060802,11.050439560607487
65,0.11526559012957883,10.554543867722396,10.621566713961474,10.241835542813316
66,0.10051626924809169,10.01808078869946,11.13886934137504,11.968061890743229
67,0.05209427906452205,9.913204950229026,11.07094721950518,11.948733280568161
68,0.06949966992396295,9.892307496147273,10.736145545518157,10.932605796603614
69,0.06946146826122077,9.57552844543898,10.43856001231238,10.20207717436208
70,0.10197740955494669,9.669493974766565,10.228221915903625,9.69164938193222
71,0.08812254325296334,9.723701268847492,10.130960723996617,9.599308456517667
72,0.18159414837994656,9.883470907088535,9.925748211024127,9.404663038927785
73,0.2720574638142395,12.462167189612495,10.034542071473322,10.38263824905348
74,0.3962588472352807,15.305164988943506,13.186254104239861,19.210542154572384
75,0.44596988109878566,20.728946496460253,16.733267601122954,26.458832938739086
76,0.35849126498243383,20.850653586390568,23.601940743579465,39.480062285145635
77,0.3746496034553369,24.745251178206622,23.274135974626255,35.91537453518422
78,0.3129744915045292,25.899544919074973,26.63885247938583,40.75385412368179
79,0.1428775483008091,25.85171739951882,27.03394700658287,38.7797017705498
80,0.2108860762735743,25.82824499165669,26.2248153893945,34.416152697552526
81,0.3082245138508022,27.47131027900466,25.54008365873125,30.895192008412202
82,0.25987376873565865,28.56128646670445,27.432194681096956,35.13213597318764
83,0.14320781470642654,28.54018378071502,27.514390868045695,33.54777711350044
84,0.20196819531106205,28.676948714144118,26.677894746287212,29.75482605465446
85,0.24940305614189123,30.170746923788492,26.397688500137118,28.26347683660989
86,0.19537745442824522,29.948065296545984,27.122738571062516,29.76735398159487
87,0.10734994039981291,30.075877079272743,26.799661767514376,28.205272132960367
88,0.09538128579332651,30.206149185919145,26.042415277168747,25.21537175876934
89,0.1029702741375524,30.206906124001804,25.324980346628372,22.65972542583231
90,0.15220526125739667,30.641506472889667,24.618548175566755,20.529652728337688
91,0.12574964698976043,30.80497194428303,24.39474482849871,20.33579629509614
92,0.12961758251461705,30.804112385261362,23.925618146509816,19.19109858231139
93,0.16319574292798328,31.1672948283291,23.23524529379732,17.402866491345335
94,0.14456751125681902,30.405854952426726,23.473977878254196,19.97063150201911
95,0.1354198033402187,29.2785537623694,22.817250829318603,18.032491276608763
96,0.11637421779723972,24.827498080498074,22.780036672841884,19.178706978586884
97,0.05672728949795693,24.55382291349127,22.13564282348645,17.43709012717274
98,0.15943490224773657,20.913607356191964,21.542278787581246,16.09917586143802
99,0.22919069015267288,20.986988572860074,20.8860220292519,14.483735592019364
100,0.18967918458059055,21.041490902117722,22.400147336832884,22.16344514898428
101,0.17859826693561884,22.171429584271966,21.725953332106194,19.77605233752712
102,0.17769239126986197,19.576283263578553,22.198492743336477,21.58402316472604
103,0.2290108590926914,19.857358674466735,21.57457377966716,19.513350075133427
104,0.2330169725012347,21.01568146764535,22.36884454030893,22.411954814077
105,0.13629380583663325,20.497343986008712,22.999533859400596,24.155754843221636
106,0.11819846044932891,19.009609871542423,22.39641912870452,21.918209050111056
107,0.13505698288904436,18.77254149379865,21.8593177029587,19.99269629042974
108,0.08797825005703967,18.75069118386151,21.740428759232717,19.7610025184402
109,0.060969936881215096,18.707607410970386,21.078269749481045,17.673825393158175
110,0.08546212096173693,18.858093065459965,20.436156406617297,15.853234622516357
111,0.09519799797859241,18.403996556823827,20.039565976241256,15.432283610056155
112,0.12376113130946469,18.578099688857986,19.48644940896907,14.250101460715223
113,0.0878187653372206,18.55667528092608,19.43884549753527,15.132729458574198
114,0.0595688165887617,17.421081052353188,18.89302565427772,13.788667881333941
115,0.07131854210763663,17.492865956134633,18.322741071058907,12.48724506785526
116,0.13562284600952093,16.920583606783023,17.834609965146054,11.829113574670746
117,0.2031088399643586,17.807245480605964,17.53094589261128,12.202309236046323
118,0.18112466196885624,18.066735414561208,18.46687580542495,16.935747282643945
119,0.09634799673138272,18.06354929961106,18.76611475744618,18.12037007464749
120,0.0931946972933805,15.259470046549097,18.194568337235886,16.23767818313163
121,0.12380386251113423,15.431012968034114,17.726724561891256,15.036180693492005
122,0.08413543374842536,14.84028125796095,17.780752414914566,15.698920975226338
123,0.08374065867466114,14.854958556290002,17.26423671102292,14.288295337571238
124,0.11616445560609458,13.869506387644856,16.813448540153917,13.328449526858286
125,0.07983482223933493,12.541741107151875,16.866402405782903,14.221604966304394
126,0.0503094492574539,12.435943396582893,16.36827931484061,12.88588775183594
127,0.047610191598714574,12.435726398732418,15.942611029220865,12.130972418075244
128,0.056318046373465304,11.945539097900207,15.469710275460816,11.165922962020344
129,0.08153653502627177,12.345767974207767,15.02418295022554,10.429428387587775
130,0.058604404029823594,12.345871574079123,14.860620592009536,11.21201300237783
131,0.09947783812344128,12.043098708043246,14.407934349110823,10.282972799706268
132,0.15680579474689385,13.156860245455327,14.033203233226423,9.904688663980235
133,0.1794984397929505,13.392816498615248,14.743293904269624,14.145750184186959
134,0.1719845175972917,14.494415181817633,15.18868690904791,16.10174109360338
135,0.13528794487265555,14.505779442836905,15.98092457586432,18.140922406965856
136,0.1400956412160128,15.197690065586498,15.507320618718037,16.32955384399998
137,0.10120013333927987,14.88631735933528,16.012579051652953,17.567672705541884
138,0.05491101473822572,13.581043495459083,15.527187152504876,15.754690026046521
139,0.05489087146954404,12.630973177380861,15.153282528097431,14.444839078514091
140,0.035458949569582655,12.633074575226743,14.692748440672323,13.067709500779372
141,0.04733690061124272,12.532152205579287,14.24773708693688,11.860868174025683
142,0.054823141582421714,11.834355333673388,13.818917126196556,10.881990793870917
143,0.09218918463903991,11.97411926068007,13.414776730208489,10.02563460195241
144,0.12171317579381317,12.365463612035335,13.205558019379342,10.337640008777043
145,0.1538600523416463,12.142069167431625,13.320273987797055,11.426068644951329
146,0.2215588500197921,13.547802036371593,13.443069673928301,12.706820416900047
147,0.23926567982049537,15.728483885576308,14.881073024427414,17.781120815216987
148,0.1542674980440335,15.958539918512699,16.683918672665335,21.81232230700468
149,0.10193524198913548,15.972197036839658,16.4984177591138,20.46283568011555
150,0.113137256257606,16.170821586910954,16.043933787345452,18.472527459088745
151,0.14013691390322913,16.206246567985637,16.099362947498804,18.368287701846818
152,0.19175755873050712,17.468609347722346,15.631586288832958,16.489959711017423
153,0.15062509131878446,17.00185023555872,17.00152265987026,20.714197954166146
154,0.13657653179445986,16.745510742792952,16.644500705974597,18.88542441110777
155,0.17647551339099346,16.45222009532339,16.58627374991894,18.141028201158388
156,0.19001346803159144,17.41833359093679,16.888067937615602,18.583988761155
157,0.1626871534327401,17.122650361479344,17.558015540055376,20.50400295218892
158,0.10958107132115864,17.174262467168703,17.81218670399869,20.856205836359177
159,0.12394104664613065,17.476102689846638,17.302344014374366,18.68482321409581
160,0.13184148593464476,18.019266696385195,17.164793930148893,17.850014987195173
161,0.0810372542255114,18.011007532935817,17.2040140828039,17.694709585514886
162,0.08144620305462531,18.011558419399773,16.690644036292994,15.935652170470568
163,0.1194728467115199,18.439566011493977,16.183834187910765,14.361088574919131
164,0.11683860270715668,18.451239762130683,16.22646013396453,14.810514560843044
165,0.1510893319416912,18.453020657332896,15.915349170696516,14.20007204194082
166,0.1738639450948137,18.947214414617388,16.079276947456954,15.485002698374068
167,0.1264220293475582,17.989693114649725,16.81045055746723,18.327364339390137
168,0.1814162237051656,16.41603661685456,16.31356294048408,16.43913067734489
169,0.2370838579126247,17.75004787175152,16.526344061234795,17.38025369826416
170,0.19023316955043837,18.071967013190925,18.28761460777196,22.701871323642717
171,0.1021320837610117,17.928620501176965,18.43957605704668,22.41991947756691
172,0.19007431065318353,18.221562427579375,17.877843717685966,19.993545876632016
173,0.273423588500349,19.225954971414108,17.576473722613418,18.531471852981596
174,0.2675879088420801,20.02851136742279,20.044197945871204,25.73785610793004
175,0.2615670482868743,21.01228797243021,20.30503932352892,25.120336138900363
176,0.1799297825173508,20.178747749637182,22.15715583499245,29.31839711275901
177,0.10704142951296965,19.8260427742905,21.505084499696366,26.075159150695114
178,0.15524470191831685,19.816656136996766,21.151990654570017,24.198260416658258
179,0.21862503981374656,21.322817166154056,20.590333502979856,21.747778345446093
180,0.22147359030211208,21.360310538780844,21.36416858354705,23.62743077745565
181,0.1944402326455633,21.709832729348364,21.766608128829485,24.539102901756095
182,0.15268271582635204,21.837213548893917,21.86315066317142,24.034084423730864
183,0.17962818065879008,22.07414642239672,21.67300572593069,23.085015644848173
184,0.2402485829383792,23.719984633512862,21.11726340836173,20.85363825282273
185,0.18976699227737423,23.78160189273106,22.58061848074126,25.199723341882162
186,0.1803809163267511,24.216604783641536,21.906986054903836,22.44703160704905
187,0.13084395463791781,23.794225847563602,22.450763221204227,24.2457825498969
188,0.1254025990499103,23.847764616597136,21.769629897572212,21.612440441084235
189,0.21591239249926159,24.33819635491823,21.15347133726648,19.403788478281133
190,0.20201960929624552,23.89641260812145,21.874338600212738,22.483532519957055
191,0.11733422880218604,23.63290874222626,22.301783567550444,23.892119919223003
192,0.0754120585560247,23.623429108689635,21.62293738062102,21.277710981682286
193,0.13688369655209856,23.422883992844177,20.968297890278105,19.02537432077755
194,0.19773601191710646,22.639206177090752,20.57320947063771,18.107794624671385
195,0.22350959489731323,22.850190444834816,20.951353118297792,19.770183545109177
196,0.20385751348125686,21.772161777043607,21.404018203685567,21.31162931593393
197,0.12371679561741161,21.826790691395388,21.868629654369105,22.589693825266092
198,0.0970750535218769,21.565298704920917,21.247472238535696,20.349467769981466
199,0.15463005974853264,21.919260106716994,20.62736533975674,18.328887957931865
200,0.14838344585304694,21.435642556567693,20.62298295241408,18.61966651182563
201,0.11772565271897768,20.516691447044003,20.60198969887591,19.173374110993834
202,0.13413340862806306,20.324684205337814,20.02326473462794,17.286517924858515
203,0.10238302963930884,19.84400997157531,19.983934758969628,17.567496718183595
204,0.17174051522254413,20.152866741707395,19.390648207859414,15.859332252591877
205,0.23810620121800255,20.057908831432204,19.182118557409854,16.058539624563416
206,0.15932956512129692,20.13309171098775,20.781483639026728,21.946439167196964
207,0.06749465556360854,18.85345377952375,20.273864401542347,19.921934363267198
208,0.0691518291966518,18.830370294707233,19.71360686918991,17.95841894828864
209,0.08420632252820073,18.834645714928012,19.116133862553802,16.095887571116172
210,0.12396444848063108,17.87185686806917,18.598167960902305,14.676272217829315
211,0.08524185979334757,16.310297905460477,18.595136853239396,15.84940773213448
212,0.1239050589880069,16.42698515818336,18.105211046898866,14.502720178234737
213,0.18274069932618645,17.200585940553015,17.589988005125537,13.327940501067667
214,0.12050159153027531,16.69232085655181,18.56661300102295,17.744620096174827
215,0.06026051011386192,16.353449690812976,18.001017550812286,15.914821384808667
216,0.10038815665517639,15.63094296876162,17.519444276350953,14.671787788559248
217,0.10253496810355325,14.877151472338014,17.193323763567207,13.972712922870947
218,0.07640803286690177,14.704134323654708,17.035640501229153,13.994118803746398
219,0.038571799479633066,14.65537452847804,16.58020361104143,12.854841174373382
220,0.05452226177195495,14.228067730022703,16.087765465772037,11.78303670527743
221,0.07105492262419558,13.594449020512808,15.599318901787607,10.759684269448764
222,0.052065546100327924,13.622558843444393,15.383654050423715,11.336666758220401
223,0.06079427713998977,13.205641989946423,14.915026698184036,10.385182637100124
224,0.10205452772663262,13.345433000336126,14.463434470498019,9.615370276452376
225,0.0864250725296279,12.608135589632635,14.46699207421847,10.800461162100126
226,0.0794055006959562,10.328072335656284,14.215088897416503,10.628771563057684
227,0.09810991902859227,10.53751674344275,13.842827235184577,10.162786079283675
228,0.09296032888976327,10.722385728986815,13.872702247820209,11.138564446202372
229,0.11816499299626358,11.453558757745146,13.538061457029881,10.706028100949387
230,0.1492589180902619,11.981402385683495,13.674073858311688,12.318119350516543
231,0.1429662887343277,12.189430053822687,14.011253814319751,13.702879569670742
232,0.09365168365052128,12.178433375757201,14.50964695861929,15.75832315341417
233,0.06331042371319909,12.192884175368361,14.147374650395369,14.373772168805242
234,0.09708506807636824,10.630504989599245,13.773119019297326,13.260770980051106
235,0.10989289462475804,11.09026707213637,13.597154549810156,12.762433066571779
236,0.06731785637084423,10.946983501092856,13.761602847821694,13.445871021613867
237,0.05406667012066736,10.784182878952413,13.344344258316298,12.213747461767412
238,0.07926191464092627,10.65643439004837,12.938016499349834,11.131467780305716
239,0.05810927454674264,10.61603767843958,12.877668183178075,11.324577380157287
240,0.04103220306438343,10.702881283146597,12.490760959072473,10.371925844615335
241,0.053666738275824924,10.747127161519126,12.19339124705084,10.020001574253525
242,0.0643883622662397,10.692092936516495,11.844272841643392,9.423214374799901
243,0.05617132547079517,10.689246507383796,11.769719442886286,10.145300620213884
244,0.03776508474663399,10.684843340525466,11.42311556157725,9.383896449933664
245,0.08622233468967877,10.274960532913926,11.117602533072244,8.833200873377555
246,0.13097307520826174,11.222020808807558,10.779146458544824,8.271207276587408
247,0.10064627095937502,11.263358724259371,11.743423216971204,12.829518018650225
248,0.1015018264694358,11.045938571544129,11.512041896282293,12.17376238962343
249,0.12860811667593908,11.740975214941415,11.461164761566241,11.915358184974618
250,0.08954973592384205,11.417256395671314,12.103774536852082,14.221939818200397
251,0.05569007945144743,10.517802838773362,11.935248055148318,13.58083191046791
252,0.05515443596694032,9.7131801137949,11.572351102041486,12.303194387121081
253,0.08393550488574873,9.590760888303114,11.327679735105505,11.467251706706609
254,0.13610116455107835,10.518600853989646,10.984075656723526,10.516009948962019
255,0.12658794230160508,10.893879952348556,11.678722023329145,12.781948715474384
256,0.07999658016979773,10.16073018475085,12.07164688298081,14.13092242519819
257,0.09517452275833704,10.376057644261522,11.706182305866273,12.802981516655688
258,0.12717040179442335,11.096437259237035,11.699593585544438,12.907791925859618
259,0.12631815167485266,11.237237030541737,11.980031477967616,13.467767248545535
260,0.07518823152233295,11.197859525602427,12.483611631859178,15.022909054476852
261,0.06035823214292879,11.195321592326426,12.10662895196656,13.578177423039971
262,0.06713192460969508,11.493841946891706,11.816952731315094,12.636882061142751
263,0.0920947142211939,11.351768832605035,11.653904682897542,12.0083582856524
264,0.13682231500497186,12.427079879690059,11.320158170915969,11.0794128405593
265,0.1089068531323568,12.671351929529079,12.134143820643544,13.600147145333208
266,0.05988398603360216,12.675863959069304,12.069708979671171,13.120705843696385
267,0.06376169073097328,11.896573170297314,11.72822107700871,12.047069096353038
268,0.04376882980157205,11.786583614543018,11.54214743766437,11.444512527873885
269,0.03814213975525746,11.56290840382198,11.200451051850644,10.480613054781527
270,0.04933055426985964,10.679556163928972,10.860010420160252,9.673006933364146
271,0.06619046217088612,10.642373302100061,10.599501798215808,9.15231854905742
272,0.06700826610843232,10.759146903095123,10.465278749799477,9.43206700520113
273,0.05651497803962986,10.719482909375019,10.365203940729248,9.42551126715453
274,0.040287122921518634,10.710706338680485,10.09563629413434,8.865942126024379
275,0.0715176901472243,9.951103319956554,9.817825817932857,8.352355799366194
276,0.108527434100298,9.909939841149303,9.558716492114876,8.117648438592354
277,0.1016494507215927,10.353042881664843,10.122230203212734,10.969675172693059
278,0.05565197101960251,10.032001520409462,10.32255132568362,11.849164655936542
279,0.05059331144891604,9.407348168079874,10.035137833976995,10.95707169228707
280,0.045164915092129436,8.430682666040932,9.72945325432168,10.062517651638293
281,0.07006222018402923,8.48809186808923,9.478983297018354,9.387736686137584
282,0.07126428261842274,8.507116164731702,9.243199624740733,9.00594439178547
283,0.10150995969801456,8.396604655406003,9.17971225566323,9.007589036303493
284,0.0968413131896656,8.4230002314201,9.00139483757848,8.658671112955485
285,0.282270336638717,8.32836591310421,8.777100079029445,8.391807957489762
286,0.42020887578901467,16.889489710805435,9.858091973255817,11.735803346092803
287,0.3347496406546252,18.13300982425668,19.097385409187208,32.41671877718904
288,0.24296989884760675,19.4009809624645,20.186778589339124,32.47843836635912
289,0.2396714007543848,20.630187888462576,20.858495362271643,31.51358671639114
290,0.18034218826898965,21.25922344783327,21.45931154725268,30.714162021428816
291,0.11845848389181421,21.254334164475367,21.479490168073912,28.818664029015007
292,0.10197183185818748,21.362866164455436,20.85552165642467,25.65135121377039
293,0.09152074393477898,21.383701288370453,20.4636799000434,23.63420045921898
294,0.11054896649528438,21.35692198849973,19.97746499327985,21.40244693175394
295,0.1584240381169431,22.113221624013825,19.376149915785305,19.148401070547685
296,0.11856451759498009,22.125860632039306,19.782055928339965,20.3099049679071
297,0.09087863753826486,21.94689076388751,19.22023777973078,18.241420767942035
298,0.07162782160572458,21.699952586357515,18.92510589567666,17.281025062365156
299,0.052186869074810176,21.683647350326947,18.35237079889695,15.543347511440547
300,0.04982478983839262,21.720149471805104,17.867334295929222,14.22928968631371
301,0.03815846822158861,21.718688775541345,17.344331173653817,13.011912058700847
302,0.05738580217060127,21.729299192312155,16.83252302063929,11.851226809363975
303,0.07472692365164046,21.767383257665916,16.360304526634973,11.105146760711177
304,0.06788222745147701,21.857703816077642,16.071992847862155,11.0610705459044
305,0.0586933943683651,21.84611953224411,15.678075210257525,10.75245576365732
306,0.04138084931828063,21.489210705980284,15.313579136591457,10.323057003090485
307,0.03383470334494818,14.601858055647476,14.864029915531713,9.669425033611526
308,0.04347636211001242,12.150241010798494,14.411439055169023,8.983972124012217
309,0.045954350251451316,10.92121928974806,14.067502842007624,9.050517865701394
310,0.05869738872465262,9.401718297080029,13.641412266733461,8.448148968948622
311,0.051888650969617874,8.569336730316715,13.383680225620221,8.617696256482153
312,0.05373337289905833,8.82145734598317,13.022179082987359,8.438164802461575
313,0.04736519361626197,8.177981673222655,12.764033796708157,8.814433132837886
314,0.053946495351546775,8.02268780148367,12.431434524038048,8.43432241254908
315,0.06976687063074707,8.155683146388544,12.07265797286891,7.9812945932296415
316,0.04813851759224862,6.362426809855402,11.993848838867411,8.733029288733372
317,0.02324669682633943,6.3551764672310345,11.630650513861488,8.223914665740365
318,0.05304704234645419,5.789106105512891,11.285943464390462,7.861915341585661
319,0.07339905886392442,6.219807753483381,10.979009940638504,7.738502660003792
320,0.05637503000601091,6.166803321999463,10.993932796235903,8.687044417211212
321,0.054321103656903444,6.194989735791141,10.696514924472904,8.396643066077607
322,0.062431078724722394,6.586952705275803,10.471258402311834,8.214065213155939
323,0.04073382322121557,6.480825939199958,10.416210938272664,9.04593089076789
324,0.03404996385114919,6.122392442144065,10.09908512648697,8.449132952263442
325,0.027005023658730695,5.892020684360795,9.834943906988574,8.049662111070727
326,0.03161687656749228,5.694992367819608,9.537987350350543,7.660703290627991
327,0.05133492189409408,5.761068911856504,9.259070655378293,7.404420951746514
328,0.06049967384777962,6.154614946905699,9.078236543509565,7.381613940776774
329,0.037039429552909085,5.952864999823059,9.092551686948951,8.419224483299399
330,0.03276102839651569,5.97765413139405,8.815619571919145,7.936236283277447
331,0.036629383168800746,5.769215988950319,8.562447007523303,7.642573264319016
332,0.04170576374847193,5.726550681600508,8.370102648196648,7.444365067689891
333,0.03438001287994213,5.572887465510001,8.154429206057975,7.361294402094116
334,0.049586148136903575,5.4781483545992185,8.001610881875335,7.537286689551771
335,0.05298727062959934,5.673275978710221,7.75827605925923,7.21779917537763
336,0.0666268307393485,5.2036391524090275,7.731586074899047,7.501901401998339
337,0.03924363292874281,5.200164065044981,7.536340070372216,7.238823166478251
338,0.15636455036769867,5.338920365024402,7.307011537628089,6.959521967594013
339,0.24829636385754494,10.252025489861108,7.2251475914464445,7.364983342151745
340,0.218636464251595,11.104280743682905,12.100964058846829,19.72715595973066
341,0.1680118496269376,12.255800199779204,12.845259462754374,19.86429587031809
342,0.12856017047367216,12.11269271357463,13.9012987164877,21.254503781760604
343,0.11427068744429798,12.798316576026615,13.532199013923108,19.14961951791058
344,0.09280915570104756,12.842741478811288,13.800761741594428,18.665545613309593
345,0.03908088634482768,12.800240704497423,13.493090373505606,17.090443447070523
346,0.07754820215073818,12.806868024083728,13.08697950733265,15.341538379055441
347,0.11402878613881558,13.464723187612423,12.688309129813819,13.827495103563614
348,0.1060352109466821,13.648058076536786,12.981580999541487,14.41898885157086
349,0.0917447111609161,13.70235353061458,12.864727505370865,13.765445878446316
350,0.09908683488825788,13.96912064365079,12.757514626635224,13.541377923117038
351,0.08461333200982002,14.140991866387356,12.80802080442342,13.873234519627603
352,0.08946188193083723,14.273099022696488,12.587951289947826,12.9953437148564
353,0.10709406191695225,14.584206790691745,12.40892020900427,12.361484618330286
354,0.10077795491712689,14.890587223417082,12.563910740378253,13.263120223851866
355,0.07066768099723125,14.92725691286783,12.586584290865277,13.176201325936846
356,0.06882824705814118,14.920537924051533,12.276346897314934,12.289090682518554
357,0.056503658825604486,14.974878734849362,12.134919219980604,12.148514960519105
358,0.048278846483371544,14.977637021442607,11.851438377293556,11.288203230129344
359,0.050523172004924406,15.005870361465995,11.491534793809176,10.338201964357314
360,0.08575572236526431,12.150779534921556,11.290820372073672,10.241873203226762
361,0.11795438114445342,11.95843830897812,11.005531746764397,9.595138039081291
362,0.07861307935417301,10.649388430201205,11.748486040424735,12.935864918244874
363,0.0398496008275312,10.673755897242772,11.39077783609229,11.750704371976234
364,0.04360597641246676,9.86868500475251,11.139599127062532,11.162275550418519
365,0.06339050180818659,9.870968259003279,10.800285822560664,10.2408665024867
366,0.08123776848964986,10.266597671813397,10.617997994257047,10.11799690182547
367,0.05507714844581024,10.288349929338898,10.70257000283983,10.56885807211263
368,0.03272632037010489,9.498068176100919,10.394237323805337,9.751540923663821
369,0.038594547848739245,9.078437447903354,10.128319978138935,9.31319088959457
370,0.05363697040477602,9.019380152512307,9.81999885413046,8.672394563813036
371,0.059269806484326906,8.72764888971854,9.651932084021347,8.504512380837081
372,0.0417883950649879,8.474150851586902,9.577744315468346,8.998091502745059
373,0.04563767617717363,8.133294698712735,9.331054840030598,8.657618094574232
374,0.04500819467476595,7.6834457057854,9.121410347199092,8.506191239300204
375,0.05315125395400723,6.903104434412842,8.989395635480767,8.668689701824547
376,0.0714831655080019,7.062380178344579,8.725977543223499,8.215604941188838
377,0.09186149101698989,7.193150904890176,8.798549706158006,9.12953862172287
378,0.05203374991910376,6.921125891859884,9.020412974721353,10.279720314143145
379,0.14256627415497655,6.896102292327587,8.818983375991323,9.800461287056962
380,0.22237549778424207,11.087977128901157,8.550686708084058,9.093834450050997
381,0.1567811915792155,11.204572708740107,12.25652448756137,18.17626804914291
382,0.08234409814633409,10.661649204714926,12.046924546387503,16.59689176056475
383,0.07192809342891128,10.692835578366912,12.044350175067954,15.71451055921874
384,0.022139609777951392,10.602677282747685,11.705450987320123,14.270467388076336
385,0.06849528179524514,10.603629643702714,11.351115406326702,12.922577121879891
386,0.09212700960299332,10.884757447768003,11.01109303966558,11.738386512429258
387,0.06771674323936393,10.64231890777697,11.27933335588152,12.405046532223063
388,0.04016176593497628,10.681130977736284,10.94370557402682,11.352336411351658
389,0.0537824874683511,10.665753665915663,10.691138017765404,10.58076434192778
390,0.06406641524329235,10.808020446914297,10.40018000305919,9.931326748313712
391,0.05388249645529043,10.778111160634438,10.334711828969716,9.915340862015745
392,0.03418601655451783,10.550525198720234,10.092124653140463,9.347619992801295
393,0.046289532901229564,10.490883909924603,9.784737384383137,8.7092338127947
394,0.04822710927161396,10.566149943559337,9.56837282844822,8.374990811896856
395,0.03711853948066686,10.376794123506485,9.422360639605698,8.594788784259382
396,0.05531357984314557,10.505253619060584,9.140202573716522,8.06930365302988
397,0.06473303378013756,10.542547682626807,8.981677213171178,8.230256244378074
398,0.06026989880937984,10.046058511851827,9.07935955372128,9.290385948466797
399,0.06384465568553137,9.981214975903864,8.803141008745492,8.666427111375711
400,0.09658797525750024,9.946994723231738,8.829925816906096,8.940580804261424
401,0.1294317803685048,7.637079201916057,8.658966641258766,8.584037154991364
402,0.09193108089874025,7.5538602671596875,9.828616882642823,12.024740181630115
403,0.05412240734377911,7.341701337661684,9.576208837776289,11.045816768899133
404,0.058038597911073006,7.253407943461379,9.463064235317969,10.547483402462632
405,0.07766304943030718,7.359328422728048,9.175692803566934,9.729535694676525
406,0.08633417065562107,8.139210230156909,9.219805824820595,9.870331399827622
407,0.05838114357031005,7.656736999208309,9.460880208993885,10.965880787256376
408,0.0450160040148804,7.802670648616543,9.23067981645436,10.171516629296724
409,0.04266463316920557,7.774144124207205,9.056035512266227,9.838415353548454
410,0.04628047232977238,7.7061826635205914,8.825581538185984,9.191171299779457
411,0.04144898129290124,7.708183214874579,8.649306447752682,8.773136088599108
412,0.035557871560487384,7.74065018198597,8.491559464787368,8.695466018586144
413,0.028066488077210405,7.736001935344975,8.274582512026498,8.375351691125166
414,0.06411632312818145,7.716613185871204,8.023925038957712,7.88715233028807
415,0.08942897775859236,8.330657568073496,7.848252136646121,7.629169828238636
416,0.06339665801567462,8.334688912037185,8.454418625916443,10.187119793510968
417,0.06453873427387845,8.39972403437627,8.197883350663723,9.425269651456398
418,0.09439548263235717,8.36675942634212,8.15493084854767,9.526038759964367
419,0.08709877839502458,8.615696501441098,8.463769772487229,10.214792291215808
420,0.05847940072017102,8.550474475011608,8.673485123338315,10.54319994209175
421,0.05331188433081686,8.590517339401408,8.454516894558642,9.90899963780208
422,0.04752881729000665,7.5270024949373555,8.367779869030583,9.547762474579155
423,0.034491071404029204,7.516821481431866,8.237750455995343,9.363580507598366
424,0.03826781520716145,7.3962704329917734,8.016353287642884,8.867251775667782
425,0.03575029845881928,7.455830134557012,7.8467451333025755,8.441014633660782
426,0.030526794684201584,7.128248110000116,7.681024226759862,8.278128077871763
427,0.03025733371563602,6.603099707701113,7.476289165423358,7.846397138242383
428,0.03227794112667626,6.561847374408947,7.290378489401769,7.671391310997897
429,0.04759340108774804,6.55392011188025,7.099089384334947,7.349643880612648
430,0.05273803092729758,6.703148308882034,7.011692158278112,7.5981876135670685
431,0.0577641269472409,6.611579774249117,7.026005646354346,7.780528771867677
432,0.08438906291177092,7.010729903671577,6.830299657538054,7.512458881130585
433,0.08261487891881221,7.251656090375906,7.237304307840738,8.702759399812425
434,0.050552805603999856,7.391222093640498,7.44381177120755,9.143572501049958
435,0.04842108873915265,7.354651606903522,7.336704066852826,8.978853999771973
436,0.06472283341597988,6.969434757577673,7.113687864619557,8.406664202043226
437,0.048316938266486704,7.004501748418471,7.4085081045861285,9.548765074497751
438,0.03064679756154564,6.859734042549495,7.2110239725631,9.00341564282159
439,0.04748206488604521,6.3539408933522905,7.0775015479760714,8.749063242675401
440,0.06255093743367228,6.177490007525777,6.885098148261502,8.220162483726396
441,0.052044732207670745,6.2481560047541285,7.050067023009062,8.609267474556106
442,0.029199399141220474,6.0860177075233715,6.962743524786536,8.560816579431075
443,0.04456258755601033,5.9368920707309325,6.777924291861423,8.070513521686788
444,0.06197151079949856,6.20837178940288,6.571668133629512,7.640287058408892
445,0.05752906242072194,6.183305277147314,6.774087049070167,8.209473109588677
446,0.057133476431422164,6.264481793093937,6.619858576359679,7.827456905062115
447,0.05682140566706336,6.27011421981962,6.724820968044176,8.116686504418446
448,0.06413648496973122,6.405735701438446,6.5660275001548225,7.738452035746707
449,0.04661906946922219,6.522398133021263,6.770713633592226,8.285235815540501
450,0.049100994018662,6.310590556168437,6.6250992454105955,8.073439361229154
451,0.06907608424633291,6.476647952588846,6.45465330713944,7.673602028787467
452,0.04860589222855854,6.530597877355813,6.760836735526844,8.4609802242309
453,0.02259297650375954,6.170998126404497,6.609024968288642,8.192143436462738
454,0.03459141663822289,5.853026479953263,6.413108352378158,7.785345130036596
455,0.028926283943028243,5.662778359640155,6.231062236134079,7.407147964546705
456,0.08709126425696843,5.872523155065525,6.041440752605506,7.097280949414827
457,0.13442857663308805,6.632630818257894,6.028643476449987,7.4723931217000885
458,0.10401078153441101,7.252751411707164,7.771923601106279,11.447391409917268
459,0.047081748293141386,7.1394854581508485,8.050950586829037,11.868721939790762
460,0.04288788578655714,7.325839461298125,7.8136220774927585,10.883645385272805
461,0.03739070781751919,7.261863257414104,7.677092055935966,10.346279479752498
462,0.036751039843902725,7.23141726629481,7.519530812992614,9.825040549180432
463,0.029609061770188683,7.237967968595331,7.3822578120079125,9.44197861893624
464,0.041693038432577545,7.271106947719767,7.1578628573282135,8.79365618963129
465,0.0329936660132125,7.048306128316292,7.037785736768888,8.41326247499518
466,0.06540965563164158,7.159001287436692,6.841439099834991,7.933223614230584
467,0.09050332908839329,7.594160364129148,6.749355271928866,7.985958687522301
468,0.06255087510018693,7.614021322013588,7.433632156496511,9.67495965763918
469,0.0192590381995139,7.3611532146399465,7.229943009186049,9.088513594344041
470,0.07524941909496695,7.360172523301007,7.013088655754701,8.51783637391847
471,0.11100322548112579,8.47603762583174,6.856858120740052,8.256086815348167
472,0.07258118706665437,8.101919984580706,8.140294282961793,11.889255713859011
473,0.02171427899146937,8.089889603706485,7.898833087357861,10.851914554649568
474,0.02921422722712766,8.090428533551044,7.6801100770287345,10.073678333393744
475,0.04118285278004394,8.068349562030994,7.455272986867599,9.369989553441833
476,0.06377680351305573,8.408545808975338,7.2480534713193645,8.825003707548786
477,0.046731719342989246,8.35920678543704,7.410627391813512,9.129164564948361
478,0.03328209603028087,6.879455927149936,7.212848176863364,8.54675994952688
479,0.029896578083785527,6.467141430158257,7.056904655719973,8.13623213726155
480,0.02900213361707657,6.513286960898898,6.862608684173424,7.811041688747007
481,0.030633622372258657,6.448379838210995,6.739299749628756,7.787955757417729
482,0.04299161676195792,6.521730731495272,6.534687166328874,7.4053196223718905
483,0.0417069306059185,6.5638051767715115,6.52696832152629,7.807172680912109
484,0.030398208991979803,6.578941399659505,6.436371824714812,7.618534969262317
485,0.02529928074752394,6.493978264723394,6.267075486526047,7.40884534283448
486,0.0343549736629663,6.468184511329514,6.093154035992168,7.104206693002821
487,0.05525864665723771,6.535209151419635,5.915610702248418,6.912705801805359
488,0.08569325006972907,5.879608438570987,5.9706930252860895,7.520790995599692
489,0.09742799034107086,6.859603731925032,6.35319590341995,8.859688393041894
490,0.06173156601272834,6.876880361724896,7.0771685132482665,10.206359133683499
491,0.05737679848228455,6.884322601388236,6.913959552517028,9.620924659288587
492,0.0805657646106241,6.165619563753853,6.77549126100422,9.194989750528885
493,0.0766857245356404,6.236158349227104,7.192433788454326,9.890863218746913
494,0.10218058924334275,6.9513372334137085,7.05513030690152,9.45335348734532
495,0.09715600744090508,7.404169156924441,7.679613782442078,10.619992733698313
496,0.05364038352134678,7.407538563646159,8.067138793753221,11.096565493857478
497,0.028369282031090237,7.163591223404282,7.842174362908347,10.277140114456202
498,0.029035423094900467,7.188055609471175,7.616246935478517,9.488010233756148
499,0.02822373887776413,7.169955277977172,7.406242520764701,8.932662790587552
500,0.027552899826503822,7.189878728773008,7.215510791492072,8.396445253804748
501,0.017546697436250727,7.110346822826122,7.03543287929035,8.09937687273129
502,0.029433377297673608,7.10996622299434,6.826126554105855,7.70887665155411
503,0.038792251851426304,6.97703089356173,6.619560450055871,7.338530670889567
504,0.0345718303682824,7.004773203161011,6.553013791068474,7.315830858669021
505,0.017767912720045496,6.976952882273089,6.407788815611608,7.2760467420026345
506,0.032324083695351474,6.974742535333064,6.216383623331202,7.029638191545379
507,0.03595181483819881,7.083093243256926,6.029658372832122,6.784278672600077
508,0.061849570031895805,7.049495419845017,5.974172902672536,7.100915459879138
509,0.0614758780856849,6.742948149625751,5.9832107746764285,7.529879394689703
510,0.10351719093666571,6.111300431135587,6.207938804853437,8.05434081668076
511,0.14958759946643388,8.463309670852478,6.032003810309875,7.627508107837596
512,0.10343600922317091,8.409933014805587,8.620443311201662,14.004830091198533
513,0.06720437478171053,8.253653963002543,8.35797502835544,12.67129347502182
514,0.07216844198671098,8.335177349874698,8.428530580718588,12.138865313100352
515,0.04500639437838024,7.783463429981211,8.381250246031946,11.461529759445975
516,0.05205483881754729,7.3227219542696576,8.178814850766438,10.564161360629734
517,0.05216174139835817,7.478785070260054,8.005767568479575,9.853749000744994
518,0.039275934071529815,7.471827056858295,7.967128678108708,9.56383126221959
519,0.018454499750464863,7.44838426083765,7.726427537436457,8.878458997301317
520,0.04754459575665624,7.429529574709265,7.49426310463768,8.304259067746877
521,0.07313804752684934,7.740560617601674,7.267108744172113,7.853578217791801
522,0.0601714955142461,7.801699595387676,7.543192885321735,8.714241033198643
523,0.036655998419753644,7.825648314377889,7.459404783726809,8.478187876509622
524,0.044730130843500186,7.960953591085039,7.242562792572417,8.04898080152995
525,0.02925473212201955,7.90840220024701,7.231531631520196,8.408477570688001
526,0.029808475003388138,7.899300236471536,7.012444033275969,7.9153049588483615
527,0.03560005253166975,8.033820164857664,6.803783987271155,7.50658031877051
528,0.0397770363283032,7.931410842509641,6.749416247222287,7.779386980866329
529,0.046897208554766305,7.8673655652102905,6.548998755949093,7.394936564353357
530,0.04041291348790313,7.71361733984639,6.569657463769271,7.567693044988441
531,0.030744093092999338,7.798084358977339,6.398106127680907,7.3774350904484
532,0.054286017402108824,4.91468583523362,6.296607243328056,7.456031789911795
533,0.08980726387684357,5.413217321719637,6.104787243857377,7.1416104713608775
534,0.08876922638762808,6.091040658230189,6.663031001939804,8.607378165412802
535,0.04999649471357834,5.923992664140704,7.166380851799597,10.105610317473685
536,0.04150431540402381,5.911268687951524,6.949282404851624,9.335981161455363
537,0.04072839417572977,5.903434034598599,6.782266578201488,8.74557142817775
538,0.061942923607578894,5.76461578402359,6.656341307215821,8.326021775785915
539,0.09618217091499126,6.583810549274438,6.481633417381005,7.988681507629508
540,0.12029025877017227,7.207191135442717,7.1629313502533485,10.0954925625291
541,0.12520726846467498,8.420853049273365,7.668527323915302,10.84255618868985
542,0.0833196375517352,8.108196495381415,8.836663904750425,13.508035596110195
543,0.034301164238378,7.965725379187602,8.654252083852137,12.374589202409926
544,0.06806088901650173,7.9906211296481535,8.391072928621995,11.268443955072296
545,0.10517419077414604,8.590183292000557,8.149554640112308,10.331376368610197
546,0.09712248013366681,9.036337172525283,8.862833972691481,12.271761106928766
547,0.05386110871874944,9.07787465840773,9.050932757642306,12.158212243065385
548,0.05667586547283931,9.013463885480158,8.818305435210036,11.143419011674762
549,0.07590046843474786,9.394805367143913,8.574401497786381,10.338175950398282
550,0.0632896315615754,9.290114180291829,8.79135834197234,10.677911046417439
551,0.058057007460819245,9.465502379191683,8.554988813645227,9.86286971077327
552,0.04094144216528657,9.402489407454667,8.556937439576155,9.753908123954034
553,0.03546342517581727,9.40157011158744,8.297237052109017,9.039592277892966
554,0.05436205076217853,9.16586555404351,8.04547725312721,8.440567841952834
555,0.03599903144991265,8.663789866419656,8.04290199468292,8.550150966490877
556,0.017738268670537623,8.670067248051575,7.803487904331057,8.032135108773792
557,0.021032887334875808,8.672488850944978,7.566867704119046,7.629625294428864
558,0.024330668158999567,8.645647836704745,7.346409347375942,7.3559227718906826
559,0.024747000612421605,8.651789593635469,7.147221170217975,7.080720674201981
560,0.022539608413226917,8.02969434711264,6.96290113324851,7.0219585697136395
561,0.019945721649878238,7.537649841407874,6.794245192679228,7.014577741448487
562,0.017437590622069947,6.0063856396271085,6.5877931266529535,6.7764203722446235
563,0.026658717871863417,5.951941755376199,6.396256713165947,6.660133989833462
564,0.028959291718492264,6.0760465960528895,6.215847456023289,6.496802853297566
565,0.031026837202924283,6.124142010006363,6.119954143011728,6.777315395131006
566,0.0257958540242761,4.684883666436351,5.968024173674225,6.766823811401299
567,0.036844258854960434,4.116427966540033,5.821256896202971,6.615532217847925
568,0.03327315004523011,4.248801535114781,5.644090847094815,6.469187718733911
569,0.08906772510552573,4.377522666713989,5.575198590104508,6.757615688302092
570,0.12901773505785932,6.013360934823255,5.545835148440605,7.087458302859148
571,0.10281355388127938,5.962472096094692,7.6099608375099725,12.308367747544413
572,0.10383797598746865,6.730874044469619,7.381336971686251,11.20903654569035
573,0.07553812274608604,6.756682558228755,8.161148516923214,12.292629158106807
574,0.1060850639275733,6.905748134363254,7.963782666494421,11.382421748866685
575,0.16029951118963603,8.68138050082864,7.849685124893366,10.642609036996319
576,0.10181671755827817,8.658130736291698,10.04728873335398,15.784919052985991
577,0.06870329863207979,8.660286601452256,9.806697875516859,14.420060312056822
578,0.10698388124584673,9.60403530300321,9.508332163856766,13.037822992829303
579,0.07136196667584878,9.581621912860962,10.063391849612756,13.73039055847027
580,0.03391913184684855,9.580630751152148,9.831527872590419,12.702988039291974
581,0.03614976603390109,9.637967566584575,9.551244673103081,11.64602771727882
582,0.02788083282839195,9.626612851179015,9.289502623218509,10.683883793992011
583,0.04311426958807798,9.639873792481929,9.014894230618482,9.887185679947203
584,0.07290597331791232,9.933247357217416,8.741232478106257,9.151740910618999
585,0.07094693625523907,10.151186114610095,8.80012985687983,9.390004388944103
586,0.061771221293850015,10.191360599651308,8.807008734705416,9.43727248576627
587,0.06726910043554693,10.421151245194851,8.594690017590853,8.879808770045331
588,0.05177989068994676,10.450482390371782,8.757116426036411,9.86488919951653
589,0.024168269587295385,10.434383594684633,8.51453541694562,9.163287489299444
590,0.06791342922378596,10.384432764984092,8.266150030293856,8.550251629507363
591,0.10439805179278487,9.785486646229169,8.015373411819857,8.056837861846281
592,0.07303146148151098,9.808868851509239,8.795295655527543,10.426079547405902
593,0.023994873817433707,9.241693081439355,8.60272579504585,9.749071796251986
594,0.027938481124104315,9.208799986972366,8.340774393229042,9.047092082667202
595,0.024231636147122256,9.143660391250963,8.102655240897404,8.549981989999072
596,0.03179746231169615,6.630870408822862,7.864816805772791,8.035765936769623
597,0.022329269074791137,6.455625045285382,7.675780804148567,7.699343665943942
598,0.0266782197250736,6.4280093881513425,7.444806900465359,7.329039826750386
599,0.031435776557318926,5.781987555777544,7.227672093637039,7.031985677502653
600,0.027242582807120583,5.59233078723664,7.120221554232603,7.307270802564755
601,0.02235775708288514,5.633186318547833,6.909421967768601,7.009982169195575
602,0.027028238162583443,5.63234617615125,6.751813897629089,7.0423713785255995
603,0.033030036225071856,5.61451216427264,6.546998875369751,6.797397465852441
604,0.031185221992999165,5.614882097953166,6.440782209050401,6.784693437349562
605,0.04427766638911635,5.37271537381766,6.245777394854954,6.58893376031667
606,0.05362790681126502,5.275581962197549,6.167702894377095,6.6584439176713905
607,0.036175530358209654,5.2482273864708615,6.242647898964929,7.08989959256255
608,0.0391429283434496,4.398220469541575,6.072696486468729,6.8505943219394725
609,0.05203593036985697,4.565865712145707,5.915940532772313,6.670845895296772
610,0.03635254288696059,4.590336760825535,6.042332033938874,7.180836427526099
611,0.030076430321796407,4.773049418118285,5.858367783924261,6.91466408760412
612,0.03385316368605481,3.42838269854377,5.774133412046716,7.076535656867862
613,0.023793781557628686,3.3532340769863804,5.67749190596806,6.948057276842428
614,0.022274821818625654,3.3351033587080936,5.511817034876146,6.718824812289036
615,0.0216726292327315,3.2374340156506984,5.359331083930154,6.542087259162928
616,0.017875901034717107,3.250276746508301,5.218914270116269,6.410349757710263
617,0.018117551937041378,3.2467891046182205,5.060498082093985,6.292826258849717
618,0.026341320428023035,3.255936591365559,4.908039443150949,6.2271236065314355
619,0.02774544948840071,3.256157167267436,4.802797140546729,6.191235559696545
620,0.04272510864590889,2.9260767054789754,4.673919862116698,6.122297032773148
621,0.049536427275094545,3.6027373949876242,4.6439756190416555,6.229516533454737
622,0.04814756287028513,3.434799661132646,4.882779656913796,7.253661526211591
623,0.04919894983712799,4.030263175338957,4.796570849606777,7.037094319126896
624,0.0582621026550113,3.970122058722743,5.0366057528538155,7.849300726643076
625,0.08387599579133506,4.618896673821741,4.8999137084272695,7.4594030216328555
626,0.07700436169284938,5.235625585601364,5.607130216221275,8.728473183452518
627,0.0490666198460728,5.102792428861564,5.966134057948007,9.531926321786617
628,0.032466351998745646,5.10602574810397,5.887672132670462,8.99426595895285
629,0.02274937647952777,5.100890201700832,5.736144839590366,8.423996078877515
630,0.023633924690777876,4.857720035321403,5.561403249334754,7.937485331189248
631,0.02675639468978322,4.867788328312225,5.406813927655673,7.531480154595646
632,0.02551115621770578,4.8003653458724,5.267958498093626,7.2122382791697355
633,0.04286416405136301,4.775239224926206,5.149680915526843,7.115838089694402
634,0.05660525173447891,5.267909246405177,5.045056119126815,6.914376421436545
635,0.038697953368244005,5.267722468592996,5.417101150914972,8.152156768507655
636,0.022938478377310813,5.252427341750359,5.2626602318869535,7.768219280868252
637,0.040057386350240115,5.270583902170078,5.106154184683829,7.385597928240981
638,0.07318154298509036,5.661530453970823,4.9754757647090395,7.193726825916846
639,0.08636765040795467,6.309178212982116,5.362335612806164,8.352800989336176
640,0.05268638823058652,6.328375924837476,6.034001013530396,9.422041328609906
641,0.042149278444219056,6.256753740684284,5.89694480236541,8.93412347268182
642,0.057227701220900484,6.308436484946857,5.724085404164357,8.351310991097783
643,0.04481160774315879,6.303541620036651,5.921925572742411,8.555905985211982
644,0.02194920224812946,6.037060857289153,5.77449506057728,8.180579227027321
645,0.06494791580984317,6.03158644250567,5.609986620891051,7.728844099585193
646,0.09575499369548057,6.382133458829434,5.439577949951436,7.358231354903047
647,0.08099435429407222,5.983246404126262,6.489747497927271,9.587948745599833
648,0.08197995727805907,6.4767854860410745,6.349485698913987,9.112241494073565
649,0.06294583600722524,6.612437533820625,6.8983365355506585,10.003996875763544
650,0.043765343980977346,6.71540869087507,6.796248400728573,9.610164192467499
651,0.05495739512609036,6.990908926348392,6.678725385645177,9.233496597299288
652,0.042171034135247976,6.9787558759569475,6.782201273033942,9.523900108805627
653,0.05891328128161714,7.071588317276412,6.575769528136717,8.858414954320597
654,0.0699184706311011,7.324932759533265,6.563016860052939,8.63846308217307
655,0.051470184954129854,6.952887014108344,6.782409837546248,8.985077380106992
656,0.03106919576520327,6.935152807414351,6.6612826095688655,8.532461474818652
657,0.03775594075599316,6.9327922832393405,6.4589759371527204,8.036648349899792
658,0.0689833766111155,7.197702376016969,6.271805984947246,7.609542590504975
659,0.09351562224319772,7.171267555195361,6.376017034519364,8.241281997209525
660,0.07929705795814095,6.9774017790942,6.9620927824964856,9.489220765872004
661,0.04538076616944568,7.003298387381456,7.122284995252266,9.576713678481056
662,0.027097312476434182,7.044095623014012,6.963505717425162,9.121594430188477
663,0.022720393839235572,6.920929941773027,6.7592727964280215,8.566312099522449
664,0.02260858217135221,6.889521934205958,6.556669768858309,8.082913010712694
665,0.023916875263568577,6.926395616456385,6.365329384040143,7.709976470613555
666,0.029275138298845864,6.91963485701487,6.182287644169152,7.416190011623167
667,0.03400328864986475,6.162954515067336,6.008926031504444,7.1070505687687024
668,0.06166123639308314,6.279433705787117,5.836031595877975,6.850003552738548
669,0.0892840461563057,6.231283515255505,5.846770970068526,7.3253105487606245
670,0.08579835560026766,6.374761388768676,6.406586924893485,8.646467911744296
671,0.07431630324028826,6.351586138335996,6.664209555978238,9.044302428729157
672,0.07201688173863964,6.03535847719169,6.733031269386561,8.976938900819286
673,0.05669418394161203,6.012139145783738,6.873975739622167,9.097047255820527
674,0.04140015112223035,5.986701158438124,6.796740898848164,8.725779418005423
675,0.04946256953723434,5.998283549573367,6.594610952839762,8.17725963873716
676,0.07473873048860584,6.130391646475102,6.486034414814715,8.085947081350671
677,0.07911083114010037,6.304406287788927,6.6168100774376,8.34896608824858
678,0.08738293994847918,6.639690884572841,6.872405761014981,8.865482282595295
679,0.10927769363923735,6.842950457739329,6.855952415659082,8.946527789013743
680,0.0818194355014965,6.719332042974359,7.7819137713292355,10.892150633338064
681,0.08627240074193665,6.69405904224676,7.620978061398165,10.277434117916357
682,0.10497840385887647,6.962389437791012,7.691118132915624,10.10204797396765
683,0.0829584466008758,6.884601900031233,8.254934003322713,11.12551280142841
684,0.05087455424768012,6.983894756919713,8.165515247357717,10.512642725220532
685,0.09309548134635466,6.9357922763716,7.953223640436341,9.843940110640865
686,0.13765838823235682,7.671141441980592,7.710960576118257,9.121311038823876
687,0.13197355288263127,8.456439622498117,9.015204217460502,12.233376033560155
688,0.12643628967255446,9.788704464289912,9.171509175573481,12.419051178501576
689,0.11027584367729622,9.604389458913548,9.936932185137785,14.14612361964585
690,0.14068216633587585,9.456832017435477,9.638243420830868,12.821952945474536
691,0.3156368507417147,12.349473503202521,9.34610989884594,11.67114285931294
692,0.42340970714906073,19.001032734319086,12.326807158371153,18.95037430812829
693,0.2983759468568061,19.9480128398235,20.044436063915803,34.275743157705946
694,0.2674281980635449,19.97809957786442,20.55179750841591,32.60490501496612
695,0.38976733259250695,23.93347730477212,20.094289074482933,29.380152608934225
696,0.2935628852148803,24.87530265226212,24.833074036730263,38.6555136158923
697,0.16017306769782458,25.214046788381435,24.89124094418673,36.01033146995257
698,0.14319713490426317,25.061435471582772,24.550092806536007,32.86479907059688
699,0.16726080035915616,25.728048640466845,23.80757191139865,29.158469118470894
700,0.1603802660887209,25.842663759043756,23.774891758224765,27.758219872229617
701,0.08914730312387821,25.838641462205953,23.537532611127045,26.02271669581005
702,0.08218390067320869,25.74150942735831,22.821801233077757,23.160479078801085
703,0.07366338678417708,25.464089270272876,22.19594877091658,20.94989873272152
704,0.11755716749495994,25.369686932648943,21.630800167373273,19.21472067721053
705,0.1772005666722431,26.24482214472843,20.971855516267713,17.19257424790695
706,0.17054346991739333,26.595257469135582,21.350449007967136,19.232534567739172
707,0.16197631423888137,26.39854882798688,21.116516987746778,18.654922599533336
708,0.16824468396437164,26.607704468362353,21.14189909687603,19.485487160952918
709,0.14878159635041882,26.669069816619995,21.116033774537645,19.92704236332388
710,0.12393400019394532,26.85490392618724,21.069315321993916,20.183582605704405
711,0.11382772057563287,27.17901016142782,20.57964321118262,18.5063257203953
712,0.09862400273019915,26.330030715430848,20.303799147167695,17.784919711177878
713,0.0573118760320727,21.794318733363667,19.789820731658818,16.28176991734806
714,0.12236756367945681,21.022670403644238,19.210277853970258,14.696795673909554
715,0.17885291759201988,21.710485271103984,18.640241320975022,13.299855973249722
716,0.12601422683771574,15.71808705617738,19.436549107510395,17.479725129767743
717,0.08278727310847317,15.497422444759046,18.846508583183915,15.704761197265379
718,0.08200280196478617,15.278883642212044,18.522656664007346,15.337177726283327
719,0.05383591068944433,15.309019888268354,18.02052044715749,14.170207322297927
720,0.11262665092630267,14.564212959213183,17.47601795354289,12.859642141314954
721,0.17175631184144985,15.261724315936265,16.956812012718228,11.710092455601098
722,0.11718200891208144,15.26797566298163,17.74341025257317,16.52305947359725
723,0.17167958739747582,15.194553311665441,17.20689958144766,14.849199912580492
724,0.29000980253391384,17.775714158695237,16.68845329673339,13.450660306327764
725,0.3159342172967781,19.318308883525187,19.307219748018035,23.115651714266868
726,0.3250886809644611,21.03087031788437,20.757594276428268,26.570782418376222
727,0.2711790785937431,21.58493750286071,22.883338416327863,30.61933828287435
728,0.17380549012551333,21.256938252154775,23.70739432746217,31.369616169927156
729,0.23176726205754702,21.95078812013027,23.02431184237333,27.98570988303578
730,0.26844820065324704,23.154301820552906,23.27058842064032,27.437102184446516
731,0.20738736457857912,23.45359873916522,24.59758375220732,30.486497473083062
732,0.14230020504650256,23.54651618649671,24.26788441321577,28.164156958941245
733,0.1734756738089363,23.56829398224853,23.921833131022698,26.117630600447207
734,0.2138646965546403,24.58090954616315,23.302392335564186,23.522204433043285
735,0.1828400871557069,24.606120666519637,24.209515083100257,26.540650295380225
736,0.18400782067370539,24.649043116927352,23.49888424091108,23.6562349785943
737,0.1394940815583522,24.640119698936704,23.925902270845597,24.72298399160298
738,0.08594071225907081,24.8159831035044,23.23914147942998,22.2035078358656
739,0.09270626341456534,24.812394438162173,22.714275775783495,20.384142565588906
740,0.11411078854426797,25.05052457310633,22.061457015073728,18.424095826817645
741,0.14174200333822487,25.53497188451958,21.60720192708989,17.293938586263973
742,0.08697754002762491,24.86049885064369,21.540461456211244,17.811435117878034
743,0.08892736624827505,24.914074011955677,20.886185484726525,15.993302187508304
744,0.09959794282634375,25.11916932314916,20.355436257342088,14.98380884454525
745,0.11249391456291324,23.26702123811141,20.106148006324716,15.418265932118114
746,0.14028629104464865,22.40732981334402,19.493923662019228,13.890457963129505
747,0.12335134342834651,20.07971931867752,19.788965550450442,16.777715408022733
748,0.1226947979623173,19.063891873209148,19.190044126045173,15.070843242252987
749,0.1082947380041816,18.998684748177354,19.227778868934355,16.002312428668958
750,0.09641636698242838,18.480703673286094,18.6580503291295,14.42991400761802
751,0.0985550942918831,16.074452276521193,18.5074561996095,15.061060003419918
752,0.09530534230800244,16.046840875735402,17.97950894643391,13.681386356138702
753,0.11717786930903777,15.609963750825415,17.835986176997874,14.379582704653371
754,0.14784679142838447,16.366999255646633,17.366999597267917,13.412767709779946
755,0.10310535260334429,14.230537361945855,17.802780757470952,15.83609199739958
756,0.07343811801121336,14.23614432903157,17.30823502586432,14.382216660126664
757,0.12317011370109626,13.2204181976789,16.785819651381402,13.043296370977195
758,0.10750523368535392,13.384823444149651,16.8183056372931,13.929334967902745
759,0.06037293470791051,13.192496724049956,16.623357280191,13.748308624679773
760,0.05379310662487989,13.10482011693695,16.119619614948324,12.446877416321557
761,0.0792978827270381,13.197618224314922,15.628878792269704,11.329885844479156
762,0.06356371008845024,12.453219837351378,15.451026966296363,11.945083656373843
763,0.0377712317920634,12.451756583523578,15.04707179869364,11.113589934808557
764,0.0547151366028476,12.340843914664813,14.588814917365067,10.193124347914805
765,0.07657579982657453,12.005817719614804,14.178147719703318,9.660470242169444
766,0.06562211531576802,12.130630911293762,14.004913148946322,10.019058027234673
767,0.05235170933391769,10.72728108134182,13.67543337326965,9.858243832719745
768,0.04680003874998542,10.799536014405588,13.329275343564895,9.362425315963865
769,0.0632107891475319,10.054207968536918,12.94920079422871,8.914730797426001
770,0.11938322664472283,10.656091798813831,12.574542977825033,8.505282322136303
771,0.1376327833353871,10.774957975986991,12.758581025745224,10.808446026458213
772,0.12635573558475255,11.130187036160494,13.257754192331658,12.942854751283875
773,0.13494450086233242,11.205508259569218,13.151816804201937,12.971907281440023
774,0.09509786434653883,11.031381668025684,13.685754524503531,14.624049817470624
775,0.05706835442474088,10.031309661835323,13.386473511009008,13.500914503099576
776,0.07600604063826746,10.179917842428521,12.979037890050261,12.235271540439431
777,0.05752110032277895,10.259441779169096,12.854866774316461,11.979258300574875
778,0.048352382290012,9.714592373196627,12.5124727344575,11.194589809197748
779,0.04108604096086739,9.373233860848202,12.20494504418636,10.458234291733978
780,0.03907539372915174,9.375944725358188,11.85824902983655,9.684541454395676
781,0.04672919024075652,9.524241563185635,11.51368395097887,9.008690483274084
782,0.0491509451218236,9.041696592450021,11.265416950207783,8.992164006050073
783,0.03116514792354386,9.035839303728405,11.007776604324635,8.656153812825954
784,0.03852243132160467,9.065300703119327,10.681044170208837,8.205852096199754
785,0.03993118472929835,9.139222759835217,10.366153581441589,7.847402326807039
786,0.06619624187121172,8.88431888277608,10.158798135680003,8.073440927246054
787,0.07986355627706854,9.295036964266727,9.866634537194361,7.664950245429779
788,0.10779209444176921,9.239758930118201,10.117426048779125,9.723199951238696
789,0.14457605723778683,10.756255490537766,9.829202902896071,9.04214560225219
790,0.11440674738751397,10.7530422129069,11.29594878276371,14.249081218227126
791,0.10759817399248746,10.91871357755005,10.963132208711576,12.88780512401482
792,0.0911956346274548,10.134361148929441,11.467129011627609,14.328740092958173
793,0.0562434461433917,9.902057697058677,11.283117122210372,13.314252946037062
794,0.0624731144417101,8.828971986896631,10.99904183651705,12.189063236654167
795,0.09044850729585871,8.815493743030876,10.728857787101663,11.242971819401966
796,0.1283604973840675,9.733591175315762,10.65008125761515,11.27126879406378
797,0.12796343386248948,10.086243575018173,11.164958510190228,12.670661754456011
798,0.10276193242717446,10.412422856208213,11.491935447563057,13.295000081768618
799,0.07747916309619801,10.39718208293479,11.537148708948303,13.074582640998978
800,0.097020325573811,10.722247017750977,11.247783666962473,11.994482489310561
801,0.10659562634162384,11.24692106013572,11.314637398461517,12.436735775578663
802,0.06728534137699627,11.159208769069071,11.58606487558218,13.002623834589567
803,0.051556542661700254,11.176442683889716,11.242784494390468,11.81297218606415
804,0.05687115858968494,11.279990958170295,10.994167258913318,11.201353817879115
805,0.04287929403641027,11.268327688674646,10.805177553423377,10.645131194394784
806,0.03647254011903947,11.242338147451944,10.47801209137971,9.791085459201625
807,0.03877438025882799,11.247521721327471,10.234755705506837,9.456685989156222
808,0.0356065063916317,10.798729651137927,9.93564039930234,8.887114296175747
809,0.07845203714296538,10.83284137102279,9.648128887277723,8.331705902082566
810,0.11044590399395472,9.56465238304349,9.441583682081221,8.08431858202307
811,0.10339354595291371,9.949193210783514,10.019118770904962,10.385465982258806
812,0.10933602894971436,9.79055991711077,9.982119299183521,10.62058461110014
813,0.10909387621860257,10.323099449739228,10.43734007346048,12.342823439562675
814,0.0882461405978073,10.508619880448554,10.645920681910733,12.954998059214018
815,0.07219609285167465,10.622849828915486,10.672142877439072,12.611435067928173
816,0.07102305836592318,10.463679483110019,10.44614492994284,11.86182628822831
817,0.06487640804507483,9.920530114935136,10.400941722763523,11.513193537728323
818,0.05908036625054419,9.480159511045343,10.169674070776031,10.717006936214535
819,0.05733709753865919,9.224662387541983,10.008192066717752,10.222479557784537
820,0.03792488029006698,9.210526511852096,9.822347215130444,9.727920034804722
821,0.05998605553748695,8.816406870963423,9.538022224341969,9.121062207934798
822,0.08329398844602859,8.7276060963707,9.324410586342381,8.892327879714287
823,0.07440999831975077,8.837051813916002,9.601466342768738,10.439996700680739
824,0.08087421887686387,9.008957223374688,9.46805775975458,10.255872414778032
825,0.09225640590462106,9.312258707220671,9.459808140439453,10.183090846897326
826,0.06921927236001213,9.468746278149572,9.743833940521068,11.379486959434516
827,0.04548333957951344,9.43880855630081,9.60461626473211,10.774015188289427
828,0.039603755908887185,9.469877282298748,9.337350181901568,9.936608273657246
829,0.03777301634968736,9.481891421890065,9.102029326985836,9.285739300501037
830,0.030454751230160115,9.409662883793917,8.85715815659398,8.699532894112332
831,0.050543603141794506,8.608673272819207,8.588300186179854,8.157019938172178
832,0.0848395127261126,8.758528980947093,8.37172675035165,7.958498634432938
833,0.08976538032989517,8.377978758975422,8.53251311893824,8.729870282483246
834,0.06016768242238521,7.6908508444253645,8.816396433622135,9.671183446961653
835,0.06439929578057013,7.536337828447028,8.54942011531072,8.996334223288452
836,0.06294499051019295,7.710276852905593,8.52103659874353,8.990961520732359
837,0.04797899286594695,7.510989975263545,8.53939891790702,9.45899075282871
838,0.05655933188566543,7.692904168447553,8.291851740188314,8.877209884698315
839,0.058900059320113426,7.733857892938715,8.281984231667737,9.234370181251608
840,0.04443837993449214,7.629420815936499,8.257421639683201,9.45418564950379
841,0.04971245895998534,7.70126031959001,8.079186163996702,9.105183184054615
842,0.05236709482236358,7.825795638217797,7.960896755799894,9.008270462499041
843,0.041017663561141275,7.282972350112256,7.890866341419038,8.801887132767583
844,0.037463091898878864,7.086969795628506,7.677417084189019,8.275965686413112
845,0.05431059875436617,6.972672544070753,7.445346150105644,7.80451795108314
846,0.046907051469663064,6.195598182809858,7.43332600992541,7.93756757281067
847,0.06323088687788439,6.410403241994375,7.21899066060688,7.533014449804605
848,0.05392773926630663,6.519307677719165,7.318931712047459,8.387514622340243
849,0.06887682981165394,6.47840135136673,7.263935568134416,8.261117908837482
850,0.09363063061450703,7.199437479473615,7.043773625471047,7.793515092171995
851,0.06754846245059903,7.233395439826607,7.758191672262081,9.73230933484248
852,0.03342201330646387,7.278145333791372,7.540266675530688,9.122996199925886
853,0.044235825544517285,6.960379361606426,7.405047774787543,8.885246147583675
854,0.03339696407057894,6.41305732636598,7.218118595676596,8.49615793367372
855,0.04896014810787408,6.496322795874135,7.054334104489311,8.2397521513458
856,0.0342444071724462,6.208383679972986,6.91761793164037,7.914671599615863
857,0.05729810582586018,6.036458618493155,6.712512300964734,7.560604340849995
858,0.03501736963566825,6.043775043946809,6.620579021664859,7.4395563710907
859,0.08460020124660943,5.758606377796725,6.443713939531698,7.2605980151766
860,0.11284702313190388,6.80395960608758,6.251784948084885,6.970988648863415
861,0.1200754175439146,7.134485142828229,7.489365271293784,10.797543982183871
862,0.061149149973912915,7.081427032973314,7.723709561351087,11.206880025450957
863,0.22151666141879725,6.931188477821312,7.55711801697679,10.514830358538356
864,0.3539396015313838,14.155979296300972,7.39236335935858,9.927264460916597
865,0.29205479746361124,15.206560564373223,15.854066842935447,27.787452863444184
866,0.1744816229592471,16.074136530492336,17.02071595217497,28.264697143280927
867,0.18722877133953492,16.063487513197735,17.314005067078956,26.730080978000103
868,0.2143537508632029,18.220190073268256,16.99426686038637,24.336722345238663
869,0.1744795561016927,18.095200469711333,18.533248936601478,26.4011036871795
870,0.14784515672270834,18.64355677954941,17.9758866965759,23.514686074846615
871,0.13315925537978046,18.090218925987617,18.4443323403785,23.862213176960605
872,0.06387562060199696,18.073721956665683,17.923553122713525,21.412317638855942
873,0.2172279558889754,18.087069457875327,17.420035695690732,19.28729146570955
874,0.3365722653198645,20.888418610011254,17.03648486957062,17.82584681639635
875,0.2898638505739178,22.48765690177764,21.17254453372875,29.326016954892914
876,0.19393855923769315,22.706780205858447,21.79292901594925,29.0874739996279
877,0.1794442587862117,22.660335941878753,22.055526601395908,28.46673570929927
878,0.19391429926328146,23.982970685526368,21.58204093599465,25.932123606611988
879,0.16646358355848448,24.43732718687231,22.124711925730296,26.338290418820254
880,0.11413110836478345,24.835601005782255,21.737233968978536,24.181633068999908
881,0.10456857609555181,24.68783277152703,21.38046820862512,22.39686631371253
882,0.081284985686412,24.84062160727201,20.78910613084374,20.237344367670662
883,0.15541563129175495,25.076651136963495,20.260897748510164,18.389873622090967
884,0.20575751614744764,26.325968216429175,19.829396998014175,17.083331524048898
885,0.1455995940733965,23.06883389426565,20.835762543735218,20.937801582468058
886,0.14419262092582164,22.312918208095997,20.227798707230228,18.83459338322349
887,0.19523115412826775,22.811299582163684,19.953874111016304,18.301746322063234
888,0.12011553148294464,22.714614315751554,20.729784213053208,21.559898430703218
889,0.11370371081231498,21.26033026903441,20.101136580350516,19.237659167058617
890,0.14029510624195243,21.88988431750449,19.617429454415035,17.788040324502248
891,0.14488648629206746,21.258880568830673,19.700408486147456,18.29364986551795
892,0.19762492932891101,22.189364355067056,19.102553630474713,16.386777498444495
893,0.19352687240602137,22.75776854733972,19.911864019365765,20.154209433623976
894,0.10953570938153083,22.802043387529643,20.25357052940271,21.415445929287205
895,0.13544182615293018,19.53759929882701,19.71061377140111,19.301312156620458
896,0.16323715787886323,19.252450923309617,19.237016350353922,17.824654979364833
897,0.17205992965139236,18.3199846080362,19.69994146264632,19.496900370553558
898,0.20217651776381546,19.318683472434696,19.102878847751885,17.4362897109846
899,0.1647045372955125,18.439886175759796,20.238338625973174,21.319891005972465
900,0.11373105114328641,18.49612141245549,19.650107169652546,19.169090226638914
901,0.22058892110829326,18.44512334800813,19.44692002019326,18.41740883276282
902,0.28964120729962495,21.474497396879944,19.127003334146433,17.376348808665277
903,0.23759200237410175,21.385262186423944,22.072282092930003,27.177064099260264
904,0.23190558934083494,22.783718817965156,21.402959829068376,24.181082548773336
905,0.1708694905286988,21.40071840121191,22.87181637222017,28.043170644520394
906,0.06197512985418447,21.43480553513941,22.234708212640022,25.04916022766202
907,0.10204573122178025,21.425670476479063,21.55956043063379,22.291685186654686
908,0.11225997267776848,20.481006364823966,20.98851027763146,20.10954486087683
909,0.2187666897922244,21.24760780384775,20.34981719786071,17.983736611994104
910,0.2333138490586647,22.372218199515327,20.86847794572305,20.59357285981152
911,0.17819343478782862,21.660325078147693,22.007821521417483,24.52023450898943
912,0.17953508431053952,22.03012113973128,21.33797539028823,21.827904454298974
913,0.2265859381738991,21.71184546133667,21.576184376992373,22.661040109860174
914,0.256381973609943,22.024448717820814,21.661844817671543,22.847364295727278
915,0.39975525985558447,23.163773183183544,22.352361427718176,24.926537952057604
916,0.4815819981860034,29.658719720650783,24.065942516224624,29.544891941656516
917,0.3045297382839834,29.111004260655328,29.879230984075328,42.68400176516563
918,0.10279137740577118,29.082034063071553,29.132787858857768,38.15599002166813
919,0.1472846885544201,28.031491731102005,28.24913642922766,33.83261359966204
920,0.1562892856063056,28.048327251932914,27.55911184124557,30.449196734188206
921,0.31610595180763346,28.398529604158007,26.722256238425018,27.053065752238624
922,0.36982792387907826,31.52301782566988,27.56126908961584,29.78430432793054
923,0.23983836574407907,30.235207012501057,30.132132620867353,36.40350859075524
924,0.12049216657784012,30.522456669983367,29.363540812758593,32.650809524754635
925,0.11237453374830197,29.407055781541054,28.714450359580113,29.67145389472413
926,0.07511177768138566,29.434388201249405,27.865884640306493,26.40866301563605
927,0.07815156686845172,29.430403600421556,27.097642442129562,23.729133184228086
928,0.10057650548077265,29.42547133401992,26.272457463153167,21.144391184568686
929,0.13128583346665984,29.77611569642256,25.595440352162903,19.52166528692709
930,0.09743091273967042,29.134648257182093,25.248901979364042,19.24231814006853
931,0.11852189175565876,28.071730072646734,24.480303889709322,17.227783071172524
932,0.151490862353175,28.295786840069304,23.967478007534478,16.46897128521654
933,0.14218671216570128,28.068446833120593,23.71071770242587,16.919590689519257
934,0.08477901093742184,27.399082420709725,23.511779074637918,17.871544712046084
935,0.06410411583879504,26.13084681297527,22.799475162065423,16.023025330964558
936,0.10035100289951611,23.56820901668665,22.11063862396706,14.421945802463366
937,0.10360206319727239,18.431678543248825,21.627155719635375,13.889213662989533
938,0.10984234060178573,18.459637556697544,21.27411170193759,14.370590970650268
939,0.15806226990577876,18.86754893124584,20.660813808424166,13.239815596551932
940,0.13727877734766092,18.963126428702324,20.825531351721168,15.622255667531244
941,0.0847292465899063,18.913738176160123,20.589083329298717,15.688050602204957
942,0.08755225098069683,16.03150519027562,19.96783765869323,14.130837625528466
943,0.07352316730601367,11.473231516181553,19.57099722844329,13.658993024483014
944,0.06848683596124691,11.570775946645357,19.04780926926442,12.646844201635654
945,0.0917762961510781,12.022744951967331,18.499291474909604,11.743937835400654
946,0.06234345722247547,12.017624817270423,18.275304247836726,12.705093130042997
947,0.07977284733925892,11.962319326827345,17.734695705516824,11.590108681675455
948,0.12156864224927598,12.433822193625085,17.198411117287225,10.598385175640702
949,0.08405887889507067,12.004147092983532,17.31886007236307,12.700946880284164
950,0.06498867846144563,11.653529037051644,16.83380838978807,11.681500683944043
951,0.09295642264393539,11.829862881025127,16.34301263226104,10.850699250718419
952,0.06244668958667542,11.643642444375423,16.21688144776594,11.57904622442223
953,0.03613197434428284,11.0846666110152,15.727829573784948,10.590233957541509
954,0.06009977420673572,9.938473164428432,15.259803629796616,9.766520929071422
955,0.07913798423424016,10.092172781781398,14.841773034336944,9.403229633239667
956,0.052462009389401314,10.115639776991623,14.685807284448819,10.047492523922523
957,0.028555025592555787,10.034854273578308,14.238727991783945,9.288367472275779
958,0.036191383385136146,9.192654085964708,13.812764293317068,8.737479534023828
959,0.060024654414626066,9.31053428813966,13.391983439067182,8.198567090549401
960,0.07273539610824545,8.328115311963929,13.099152657050592,8.523919348350987
961,0.059464602426915814,8.000682564320986,12.925555608708994,8.944227462165253
962,0.05063786846860441,8.044501561936498,12.621904358687255,8.935000669073334
963,0.08848084818901489,8.23657481426014,12.243611110700822,8.426134168628913
964,0.09012217729224171,8.693540889404435,12.193075927331725,9.645029555191991
965,0.10741906714454627,8.70958663271751,12.272408284966508,11.013845408639499
966,0.14453206444340833,9.458863444224722,11.961792906198882,10.445852800964166
967,0.10724611483291084,9.48858502990529,12.92666610236441,13.889883889744869
968,0.07201769307810013,9.666945864966536,12.602828542661221,12.728564459233171
969,0.06100300066427058,8.887852065498148,12.480801470155551,12.320579629766636
970,0.049819269755104034,8.920255647085119,12.104668772330761,11.262301045097017
971,0.04410431241129362,8.851530195210348,11.835564913161642,10.589039548700688
972,0.04355942516071698,8.379248373549078,11.477495592905832,9.743515917533935
973,0.06614093979769248,8.433447284429283,11.127859254311605,9.036919429481708
974,0.14636845226008025,8.999110436020757,10.823223612128983,8.665870259693275
975,0.1856434376277871,11.291251104688433,11.12750971969186,10.31535298283308
976,0.12140633215093836,10.958082884979419,13.09374270976886,16.88729629036776
977,0.0812555456444579,11.249787408306485,12.694971997368965,15.171467001355904
978,0.08404069908056597,11.411348002097467,12.608643718292956,14.424312108298393
979,0.06779888995465579,11.498221517604406,12.416303278241957,13.744496563062794
980,0.10315405886842087,11.584772809816256,12.132025746619508,12.661868423638673
981,0.12154750620292806,12.07584946305349,12.024535025711165,12.237788834451631
982,0.0799033719757646,11.95738175394961,12.518623731026535,13.675407361010599
983,0.045532869235874567,11.966545878392994,12.140282647408535,12.383714113979572
984,0.04770213386738508,11.57382714743007,11.852913082908138,11.475134500082374
985,0.04455952697312205,10.989366853690452,11.499277484263686,10.502691063913124
986,0.04482645473187747,10.85372420986079,11.235000937468568,9.901368679145305
987,0.06043852030300727,10.184148370136226,10.892887957943595,9.176396833655026
988,0.05633439763268811,10.208566887919389,10.771101944951043,9.5606066344397
989,0.05916161217779408,10.040084719987846,10.571243665924543,9.245650335130131
990,0.07879895185631759,10.272746475905837,10.249939019348401,8.61306581931635
991,0.0539797534127842,10.26514321486657,10.389176918195073,9.570466072164995
992,0.02796423769967354,10.274828379759015,10.078549460207647,8.94370604555436
993,0.04753264996441178,10.424452259485587,9.771687249531734,8.374394665253988
994,0.03633596644669638,10.361164357629084,9.596201770923777,8.507652571087604
995,0.052313483419622074,9.916714608263835,9.341569892684696,8.0743417545378
996,0.06887566392103814,6.971293143146706,9.063211353194657,7.640034686747836
997,0.05191017741261232,7.042817229879385,9.167794809850246,8.489268853586347
998,0.025332858410953982,6.8260571971788515,8.908149093810202,8.117769563246242
999,0.047815100307930694,6.294237947483315,8.63690642028722,7.679700040053265
1000,0.02562393831579125,6.281809959082099,8.43401325736753,7.451340609831789
1001,0.0791116729988494,6.129534056914842,8.17927179610081,7.1264918565031214
1002,0.1110327424557686,6.676962959086661,7.937458626793431,6.939191707020284
1003,0.10022006257046442,6.7044257205674045,9.01206088177604,11.202024222685669
1004,0.09327821482593496,7.304572882118446,8.753199714894567,10.354357384946528
1005,0.12785402903716195,7.453361168387065,9.212216033866053,11.346886707553018
1006,0.1631702278133807,9.593569840028673,9.047915661345627,10.825437182895929
1007,0.11947507305834379,9.603634483646323,11.110396302256222,16.25252841361917
1008,0.05023213397227721,9.514080421535095,10.800336768992699,14.726864527481073
1009,0.15621239569926448,9.51592938370732,10.569805824613521,13.632895687782934
1010,0.23034884122048074,12.529635352357971,10.380262868774116,12.61980531193603
1011,0.17095646923230035,12.49074804129614,13.785346986097318,21.01675088222431
1012,0.11439575293105435,12.996278613584137,13.669975356112976,19.37403767102481
1013,0.12773861555756352,13.546506579715093,13.663569148712936,18.228234944650946
1014,0.09998179257755187,13.66714992836216,13.771293023865978,17.561542432116894
1015,0.1093005024485193,13.82238817432584,13.616314738321233,16.611778278770636
1016,0.10371617243646611,14.276871558288837,13.567040770736211,16.129135514092848
1017,0.1009394664707602,13.988799057739485,13.608387532359528,15.682180260033174
1018,0.12301902615866445,14.527069005849006,13.219340839042278,14.245509791770743
1019,0.09401637463629024,14.531240611153711,13.759488850807273,16.027992412775077
1020,0.0930067727463465,14.566443570746415,13.340941303783065,14.418197979477274
1021,0.09039497319491585,14.60954278918552,13.307246638492016,14.38899371510308
1022,0.10328230281249949,14.706413233424195,13.213157942470868,14.158822223981815
1023,0.13457023221991282,14.825733269924532,12.840795973304441,12.856176987921202
1024,0.16718382564149117,14.876719044301684,13.506798071617245,15.356316242152584
1025,0.2204787855072423,16.76115732805882,13.364974718810558,14.80985871815029
1026,0.162197733259746,17.17000609658812,15.532722137293334,20.26136280367938
1027,0.1033414330808817,16.36672469539596,15.404782574056163,18.923204163545215
1028,0.12443048775824302,16.867840002857598,15.079398903017898,17.27015589431234
1029,0.08399627109799922,16.879183045926922,15.235055993747231,17.17904765306746
1030,0.046338835089902004,16.813494716083813,14.850556323413311,15.601715182034095
1031,0.049941038828639074,14.390770682828697,14.401485111475793,14.081368249671966
1032,0.06532021249890398,14.292039641746879,13.986613202842774,12.873996353051115
1033,0.046911831934119276,14.042846584880891,13.718010845825972,12.171990764905644
1034,0.06485746585756551,13.623549119971267,13.32723426784451,11.263896783776014
1035,0.09468241419470422,13.74788495777583,12.921271723911678,10.327363548556008
1036,0.09548228917221249,13.413098731532635,13.009418915333196,11.252945054595914
1037,0.11006396741707251,13.546015752484115,12.691532264018695,10.532489015608549
1038,0.07296248671421532,13.533822890164613,12.979893192800795,12.038223975691077
1039,0.07944339107791329,12.619563862961705,12.601735355714045,11.09537451445405
1040,0.11843056139615829,13.541396983404649,12.259868291248633,10.421243860949739
1041,0.08102976981906677,13.17324849722751,12.832396828986695,13.322422377479565
1042,0.05777596988816604,12.79115811965909,12.459380247110925,12.188534203934069
1043,0.08784071221364569,12.874994899911993,12.150087782360362,11.2807030885168
1044,0.08892353665555404,11.673179153103447,12.022626110268748,11.071660570605452
1045,0.08276832520020902,11.09264055875316,12.033018133493465,11.338290984389122
1046,0.0900659675950678,9.081580063237418,11.725324533159705,10.524362864773776
1047,0.0708573197617196,9.032283679730185,11.857205522261843,11.264527947108165
1048,0.055796776081325786,9.387444447959567,11.528235474718123,10.505760549159294
1049,0.05288181930045777,8.803661691468067,11.390385217473558,10.632086395066262
1050,0.05197370413891226,8.819088471683818,11.043393659527002,9.78762308193243
1051,0.059923359210114976,8.786590965988138,10.839602045405265,9.453920094458635
1052,0.06599346242837142,8.799808574931012,10.552369963072673,8.885862178463261
1053,0.049566573854130574,8.735179553612461,10.486311615428768,9.134964385954184
1054,0.057362377942721136,8.804444665052827,10.166949794823896,8.524784238126717
1055,0.07773114499077925,9.36007700854731,9.938995020653662,8.462419952042719
1056,0.068170436858216,8.947127814798987,10.077428122624,9.842570801809075
1057,0.07189885580216032,9.277773509288675,9.816728889395137,9.20934965468188
1058,0.06878534813754161,8.574070530280881,9.869340095685292,10.020082298673293
1059,0.0815052097530327,8.801461176007445,9.631247365885931,9.398403005002798
1060,0.07974886505185924,8.887830471639157,9.65360441072244,9.637839552211098
1061,0.08871106131162124,7.780807850628417,9.604563945242289,9.611443506333694
1062,0.10669361181378836,8.230656638028398,9.509583194658875,9.744859173602313
1063,0.07665269197312925,8.271801450382622,9.973925236258923,11.148992989320739
1064,0.08865789941390369,8.196677684067687,9.680014617606556,10.290186129578242
1065,0.14611919143451865,9.286698380907497,9.423675132665453,9.691067430351271
1066,0.12084921117513642,9.572705012607798,10.524006394373021,13.400915682234531
1067,0.2052417713252953,9.403826049383746,10.587038258365356,13.360455882799691
1068,0.3079034399949623,14.077462226787407,10.793763529144382,13.747195795522687
1069,0.22265061496787955,14.95893609719029,16.05570287098,25.833804000572798
1070,0.14971780343300667,14.977475650469627,16.324010237295923,24.523713048168354
1071,0.20127560622183885,16.548889642453673,15.832054116946845,21.833353537500273
1072,0.1655477073850059,16.641783594483016,17.099666750977338,23.612329712662437
1073,0.14851698254838921,16.824829383687664,16.811200809047566,21.73794009164225
1074,0.23114812314080097,17.6083554782663,16.964765442102106,21.378223885060503
1075,0.28867326318115555,20.12949714368608,17.195583536340262,20.988375189736367
1076,0.2005728141395983,20.103491991491573,20.27951242590666,28.509230148446267
1077,0.16604432693292287,20.893980090796397,19.66981827220787,25.334359466125143
1078,0.16717898602937584,21.354256879277962,19.894122285908402,24.633508330047572
1079,0.13043573840093722,21.4566296917366,19.859232671142575,23.41913692233876
1080,0.10686431712219037,21.537348465518328,19.523290071164066,21.794843447426565
1081,0.16662605510072026,21.390100333711196,19.17712992330602,20.128455334878208
1082,0.25430397824116113,23.00797869109572,18.60599686226861,18.06434714844127
1083,0.1919435182869145,23.098472283622186,20.72823129145583,24.996799228263328
1084,0.08658109431826178,23.09163920289286,20.55062782357842,23.454770304225466
1085,0.11242473426166004,23.27636430380094,19.95317690696545,21.02687657067968
1086,0.12926579951639738,23.43849269877133,19.471510161905783,19.119096041451478
1087,0.09777320990908914,23.332950565235496,19.46973765423367,19.007400914533278
1088,0.09630386483191701,23.280162307761767,18.88113483845536,17.047709705986428
1089,0.14491780777130983,20.74765623405981,18.519074350300176,16.26822260151912
1090,0.15174634291120864,20.855974670971293,18.425455936284397,16.27833932544898
1091,0.09256505233951488,20.861803996211513,18.688072838162682,17.508852293171927
1092,0.037808247556958,19.79667804387037,18.11885698063044,15.711731840404886
1093,0.05413623177132203,19.647427420267576,17.574369103439146,14.206694140901268
1094,0.06131298959938684,19.14531745427157,17.072691480122383,13.057397013007687
1095,0.06205967015552277,18.718686108552077,16.641666781179126,12.162570244426893
1096,0.043958482563560636,15.09829342459477,16.232589734189045,11.442956476835784
1097,0.045295499533523596,15.237798622615548,15.738611123500409,10.489208946049532
1098,0.042255602226733385,14.536069296090151,15.327655690551655,10.128966669351417
1099,0.034874211107329724,14.013373493801346,14.880810056294502,9.407937944604265
1100,0.053654243120946056,13.623864785710593,14.433214895788248,8.822409920076492
1101,0.06684226322960748,13.65089738827289,14.01876158786552,8.334234016661998
1102,0.0717520197790197,13.623767224650967,13.824172158476387,9.31760401244253
1103,0.1004551016758625,10.278053799986287,13.405429604659775,8.671593953801914
1104,0.09232550812874697,9.87164149568974,13.51651326524108,10.849926228650386
1105,0.06641893420298119,9.7847214762033,13.362130157437763,10.876172507704101
1106,0.08080147986734468,10.023508079683936,12.956108360948578,10.012129551777713
1107,0.10213015876215033,9.220804531469936,12.817986320640456,10.551273866990881
1108,0.17290978815456262,10.432022016282035,12.533626086485485,10.04435454085075
1109,0.20077880312473576,12.110316178062607,13.264341709343427,13.729315503396112
1110,0.16278127618395768,11.883741690734107,14.842178127221436,18.67336473119248
1111,0.13997415809606537,11.65228068028699,14.77043741138582,17.65357864345594
1112,0.13367693076241122,11.70820561169637,15.134695150761376,17.98309137246568
1113,0.16490494857662932,12.807909042322747,14.770742992579693,16.490348641048392
1114,0.1421825631148655,13.400973465749413,15.62866910461636,18.9636772357324
1115,0.11203790287335243,13.489175029020704,15.610424987149795,18.152637681030058
1116,0.1208620949996251,14.019586557222006,15.307943243957142,16.69779749633773
1117,0.09554806777845448,14.021204743460016,15.458632421794455,16.763394800227182
1118,0.09938448028206673,14.42786414965203,15.002086211690536,15.14082781652939
1119,0.07453391198580005,14.439191579507767,15.005225233604321,15.043179893400586
1120,0.04377968252009784,14.457188724119396,14.604391653659354,13.83932333180703
1121,0.059725697846427984,14.467513915836783,14.173885358268091,12.547626422517055
1122,0.07622255743771973,14.475152791093945,13.815473621858779,11.80260015002615
1123,0.07782689993105081,14.650586908457328,13.586919305474106,11.410840829482979
1124,0.058813877089731036,14.30692964650017,13.428434434749233,11.65018630975701
1125,0.05885719249126293,14.153698164102307,13.068186586248117,10.773911545985925
1126,0.07578237560013924,14.295757032034642,12.729542122192896,10.069225796096216
1127,0.07229865673683152,14.190791444360276,12.547380232003471,10.02108262165454
1128,0.05162984828436613,14.15207480112387,12.371038423915724,9.973445539917648
1129,0.05099165593875402,13.187166160845246,12.000976031718023,9.293712362654304
1130,0.06964807415122047,11.121087810894316,11.721002289792546,8.920563825267262
1131,0.08625406203853846,11.077666649879381,11.481444025737577,9.005279281828503
1132,0.06538262637021597,10.41738849827909,11.55195547007814,9.903748573759017
1133,0.039951691363631976,10.316896078538845,11.271308617751599,9.359724954411684
1134,0.03768143420669899,8.04763917639969,10.981312340103562,9.026521422237648
1135,0.04516819232133237,7.626414073132548,10.650431064809341,8.428460535382861
1136,0.04924971159919765,7.523280961103078,10.391020040707453,8.112822371837444
1137,0.04398979190266898,6.96424510943329,10.161280464071734,7.928733953702907
1138,0.04268832774659305,6.881658473538213,9.921858775719468,7.9403316598590985
1139,0.034773831030168574,6.264107355607678,9.677167954826256,7.678261085553495
1140,0.04654405212019679,6.043261492010034,9.400205211263346,7.34052708704466
1141,0.06395310160331684,6.241161608389635,9.121580406480602,7.04147866588077
1142,0.04520950278146675,5.95491238740521,9.14280591258438,7.797480733472992
1143,0.031494673600422865,5.7934735641806245,8.865939022853611,7.410057753207636
1144,0.0465158607670973,5.323388566996994,8.596952192158188,7.094274043878923
1145,0.03979960395414617,5.5338837080855185,8.457476798388184,7.475400483422819
1146,0.06379864706196384,5.501252706189876,8.273568600460331,7.544301376518682
1147,0.0935949791266817,5.923482287252598,8.031877171714829,7.210008053413501
1148,0.07289760678198734,5.76076299218328,8.54151412593004,9.166738050360749
1149,0.04645284004204092,5.697409297814594,8.38224105225482,8.76713762846164
1150,0.07053934039404355,5.928608000759687,8.176087800989539,8.30281694593403
1151,0.09481972977811085,6.6954225434186885,8.058970178107137,8.40253454080054
1152,0.08897355807749226,6.646840325602602,8.58503551354453,10.496393788033457
1153,0.07095926765028637,6.826597999366143,8.67449800380524,10.821070850544585
1154,0.06972563411083187,6.729974512545091,8.689163924436464,10.565405200291437
1155,0.0843904322784271,7.216592563394691,8.437661684799385,9.734051802781128
1156,0.06076909277702428,7.230097312074782,8.76999214937911,10.495250905316539
1157,0.030794733807360787,7.180732794759946,8.525838104794628,9.787517903510022
1158,0.06147455521185373,7.07160424264827,8.271370968426131,9.115403506927178
1159,0.08165533396521692,7.4562685778739075,8.049756871454937,8.546350132444886
1160,0.07005775113235728,7.455621851425262,8.373279331894675,9.52754469725143
1161,0.07392831108988816,7.732095464185464,8.121493779920508,8.847577819667823
1162,0.05460120237886536,7.594707771946874,8.317869415846879,9.416340308132963
1163,0.04174067262426508,7.594839489740875,8.088247009220238,8.88836773548106
1164,0.06597174539313454,7.689593127571703,7.84358083434057,8.313195460750114
1165,0.0738583407862201,7.675548930725457,7.798793029938654,8.303307797378997
1166,0.04734028414968143,7.554761340570111,7.932913252543009,8.77772493240649
1167,0.04389993646012545,7.612533682505884,7.695592714241396,8.267199374404823
1168,0.050481376086428296,7.177991001415624,7.472989030977123,7.884524625231924
1169,0.05828003170262895,7.163253665864874,7.409163857266769,7.86322247260621
1170,0.06799232068305258,7.647088048005947,7.18526655477954,7.496397510597108
1171,0.07649611350825537,7.475507917693361,7.442109188175183,8.843904929060447
1172,0.1006563945259324,6.994819075191823,7.236400956639896,8.297090916393849
1173,0.09753507551852765,7.201985043817201,7.817021012271463,9.78884184733191
1174,0.06681480243866093,7.094996081652524,8.137125550635004,10.771693511771746
1175,0.06721397192040487,7.314882180755433,8.004575602055446,10.111490986364567
1176,0.08292243759264038,7.127909563561917,7.877995213901361,9.773256001879712
1177,0.08301993691613986,7.22992134573653,8.019765747570656,9.921455477676
1178,0.07056274438620619,7.299374891593348,8.136290448647843,9.999881203831512
1179,0.0875748460866445,7.5849920442230125,7.928794023233735,9.431626990907754
1180,0.06505275088640046,7.398645783902648,8.235501304303792,10.086308538992869
1181,0.07548408675755053,7.421932630658001,8.0306206101446,9.52499048788068
1182,0.09345630582627232,7.548620268416599,7.89830843676524,9.072318767329305
1183,0.07790908272367746,7.4798549210909115,8.289981733711492,10.036547351196468
1184,0.04888510692365379,7.5632781751937745,8.153713382533315,9.510440706028435
1185,0.05989542617015874,7.511216243921176,7.9303180021939905,8.969169995985245
1186,0.06558844404201795,7.3431346018250645,7.6917167607662345,8.379959698184662
1187,0.13694033011182508,8.08219467496205,7.457481334059188,7.903989960505036
1188,0.18377879931406396,10.274162485646352,7.959193879430545,9.910682385357992
1189,0.1593617686644864,10.879595527492102,10.262580855519495,15.712628781224511
1190,0.08649288821521582,10.896878537448886,10.838078690960478,15.980236264609355
1191,0.13434726144954418,10.60521745655196,10.52351174755074,14.449007421498072
1192,0.19951368458135604,12.696157639574796,10.266028633707409,13.156790768852602
1193,0.1941745217360783,13.076084450081355,12.460981668883724,18.470658783022063
1194,0.17055064647170043,13.627699321527167,13.022864668221496,18.58248030672686
1195,0.14150797895010084,13.850663283407702,13.779916909018317,19.244044329123962
1196,0.08783555132237651,13.748347460401217,13.769575997358944,18.126626503112487
1197,0.10791072782161572,13.844257954243588,13.407064827977031,16.345491154199006
1198,0.11438692582624523,14.064147969845889,13.159699974336123,15.268702720419967
1199,0.10193689673530368,14.018451635973348,13.31270190351489,15.230665101636646
1200,0.08340034779190392,13.920533128467966,12.90726200098965,13.729833007486949
1201,0.09399895306455609,13.900472244377667,12.695883813684722,12.914136872644862
1202,0.07870941576471749,13.889737818546589,12.323175015293595,11.821795424749228
1203,0.10540203984614037,13.686485035727337,11.994982865016206,10.901294860070415
1204,0.1125335250418574,13.7535858715367,11.64013635764194,10.094160886952094
1205,0.14490433918681497,13.815030452588209,11.489650724560736,9.970374174317843
1206,0.2487921789417935,14.517973184927788,11.224422136066893,9.672010786145876
1207,0.4005376900269599,19.11462369150437,11.840955568000318,12.654849167708667
1208,0.35116299103358517,21.21423055539385,17.985464446540757,28.143773156990243
1209,0.3556068936112341,20.57599248784593,20.69518111735418,32.49767527313745
1210,0.45312848903677583,25.141641642863473,20.237010566347983,29.29949372340864
1211,0.40809250525999397,25.115821441811825,26.64841551128555,42.284246501345834
1212,0.4692539232312541,30.051582460344545,25.901337287720516,37.631550182389255
1213,0.4888604268502378,31.118556536903903,30.206057814881504,45.01708778012984
1214,0.5069056275495939,34.30130536302297,31.67475399563544,45.73518852622059
1215,0.4681148613744824,35.48019230337168,34.54429877047996,49.49457745938761
1216,0.5699696730498839,35.43935023114752,36.02533653616567,50.25130420965308
1217,0.8615390209968418,43.88303094889048,35.597177062284395,46.312529420590145
1218,0.7529059302243011,48.325612751773804,46.810164894008274,71.14192214205812
1219,0.8468084623911972,50.075635474457435,49.18424954845951,71.58965427182939
1220,1.1097658821703091,58.56488661922214,51.454255787599365,72.65846218893095
1221,1.2673294758340363,68.01592908536516,62.9405339756716,95.35153287775232
1222,1.3525603946391784,79.20239439070741,69.66893073316238,103.99920375142757
1223,1.0038607868208416,82.93653257327207,84.07867754665612,129.90014834473087
1224,0.6057459093864828,83.65861649077809,84.39077423179054,121.35093869823648
1225,0.5203163431125285,83.6113063920801,84.04324170951462,112.92362396281455
1226,0.4707541657201282,83.90597590883236,81.49837035661966,99.79992194015901
1227,0.7329966247413714,84.03466966452167,80.66793086947166,93.16707868360415
1228,0.9242653156809791,92.64015040485877,79.30678024336325,85.86784670603016
1229,0.7008156004202396,92.79164176201564,85.32927641850587,101.32516414932718
1230,0.6098127296576923,95.98848664286858,82.81719070940741,89.76806200311603
1231,0.5744443084467663,95.46532370786313,83.55321202899192,89.65869475440337
1232,0.43074824189761074,96.67040320308456,82.08224852643234,82.95523753387454
1233,0.4243686767591367,95.09412864389788,80.81718651048423,77.55587794709389
1234,0.46829936188259436,95.53849087828978,78.70451487638928,69.95125738544778
1235,0.38146092360577577,94.55913714190372,78.1190612042408,69.15218083987833
1236,0.46898150712949077,94.1945819209078,76.25925170082101,63.14962058927952
1237,0.663733071493589,97.86338586014698,74.22414942980998,57.18530058640171
1238,0.45867465512047395,93.86543488451672,76.70129545964217,69.76369317912116
1239,0.3346054506939112,92.89722066100425,74.36472034377273,61.67691784712007
1240,0.2868397551733349,91.36704753883008,73.14182189358056,58.832304061135886
1241,0.2600157985547259,84.16144882037025,71.07204335489108,52.681444379812184
1242,0.36838602712998575,79.50188344959086,69.1076305766937,47.67148627063669
1243,0.3090962102017385,64.6372305463786,68.1599122848916,47.78273191740733
1244,0.2490605840008809,62.14252897321454,66.73464424435126,45.72349345838461
1245,0.3045687260612744,59.35275762954727,64.72357993462985,40.56229594554741
1246,0.32110772919395764,60.054124524342,63.6742780289931,40.78795664141033
1247,0.3735387774914416,59.29863140381323,62.13592061553478,38.49054095232163
1248,0.33063567114998416,57.60567996413769,61.66805846925924,41.975207773259406
1249,0.19185796034596644,48.81216289008685,60.629710764288745,41.28295658167999
1250,0.19586539794265842,48.85927123139941,58.79081216691158,36.628124405589475
1251,0.1946009716645254,45.06236409253413,57.228782295463866,33.67027402655902
1252,0.22276500556356404,43.05542907126526,55.837889919446006,31.83426173975174
1253,0.29316509242055977,42.4915700842984,54.17636110286125,28.556123797257516
1254,0.2626543783859565,42.02180963756079,53.741492959299585,32.51740883523858
1255,0.2577552655177672,39.90953102644963,52.2912670800952,30.06699543832513
1256,0.18728608845956504,39.4514978942858,51.698077696850255,32.696756892556685
1257,0.13164015081276328,38.62692641285074,50.1590030527147,29.166579901854067
